CASE_ID,PARTY_NUMBER,PARTY_TYPE,AT_FAULT,PARTY_SEX,PARTY_AGE,PARTY_SOBRIETY,PARTY_DRUG_PHYSICAL,DIR_OF_TRAVEL,PARTY_SAFETY_EQUIP_1,PARTY_SAFETY_EQUIP_2,FINAN_RESPONS,SP_INFO_1,SP_INFO_2,SP_INFO_3,OAF_VIOLATION_CODE,OAF_VIOL_CAT,OAF_VIOL_SECTION,OAF_VIOLATION_SUFFIX,OAF_1,OAF_2,PARTY_NUMBER_KILLED,PARTY_NUMBER_INJURED,MOVE_PRE_ACC,VEHICLE_YEAR,VEHICLE_MAKE,STWD_VEHICLE_TYPE,CHP_VEH_TYPE_TOWING,CHP_VEH_TYPE_TOWED,RACE,INATTENTION,SPECIAL_INFO_F,SPECIAL_INFO_G,ACCIDENT_YEAR
7004215,1,4,Y,M,43,D,-,E,-,-,O,-,-,-,-,"- ",,,-,-,0,1,B,,-,L,"4 ",,W,,-,-,2015
7004215,2,1,N,M,36,A,-,S,M,G,Y,-,-,-,-,"- ",,,-,-,0,0,B,2012,TOYOTA,-,,,,,-,-,2015
7004220,1,4,Y,F,33,G,G,S,-,-,O,-,-,-,-,"- ",,,N,-,0,1,B,,-,L,"4 ",,W,,-,-,2015
7004236,1,4,Y,M,40,A,-,S,-,-,O,-,3,-,-,"- ",,,N,-,0,1,B,,-,L,"4 ",,W,,-,-,2015
7004236,2,3,N,-,998,-,-,S,-,-,O,-,-,-,-,"- ",,,-,-,0,0,O,1999,JEEP,-,,,,,-,-,2015
7005849,1,4,Y,F,9,-,-,S,-,-,O,-,-,-,-,"- ",,,F,-,0,1,B,,-,L,"4 ",,W,-,-,-,2015
7005853,1,4,Y,M,48,A,-,N,-,-,O,-,3,-,-,"- ",,,N,-,0,1,B,,-,L,"4 ",,W,,-,-,2015
7005873,1,4,N,M,12,A,-,N,-,-,O,-,3,-,,00,21212,A,A,-,0,1,B,,-,L,"4 ",,W,,-,-,2015
7005885,1,4,Y,M,36,A,-,S,-,-,O,-,-,-,,23,21453,A,A,-,0,1,B,,-,L,"4 ",,W,,-,-,2015
7006285,1,4,Y,M,63,G,G,W,-,-,O,-,3,-,-,"- ",,,N,-,1,0,B,,-,L,"4 ",,A,,-,-,2015
7006285,2,1,N,M,52,A,-,S,M,G,Y,-,3,-,-,"- ",,,N,-,0,0,B,1999,HYUNDAI,-,,,W,,-,-,2015
7010505,1,1,Y,M,23,A,-,E,-,-,Y,-,3,-,-,"- ",,,N,-,0,0,O,2009,PONTIAC,A,"1 ",,W,,-,-,2015
7010505,2,4,N,M,54,A,-,E,-,-,O,-,3,-,-,"- ",,,N,-,0,1,B,,-,L,"4 ",,W,,-,-,2015
7010510,1,1,Y,F,59,G,G,N,M,S,Y,-,-,-,-,"- ",,,E,-,0,0,E,2005,TOYOTA,-,,,W,,-,-,2015
7010510,2,4,N,F,44,G,G,W,-,-,O,-,-,-,-,"- ",,,N,-,0,1,B,,-,L,"4 ",,W,,-,-,2015
7010521,1,4,Y,M,59,A,-,N,-,-,O,-,-,-,-,"- ",,,F,-,0,1,B,,-,L,"4 ",,W,-,-,-,2015
7010521,2,1,N,F,45,A,-,N,M,G,Y,-,-,-,-,"- ",,,N,-,0,0,B,2014,MAZDA,-,,,W,,-,-,2015
7010526,1,4,Y,M,22,B,-,W,-,-,O,-,3,-,,20,21200,5,A,-,0,1,B,,-,L,"4 ",,W,,-,-,2015
7010527,1,1,Y,F,46,A,-,W,M,G,Y,-,3,-,-,"- ",,,-,-,0,0,B,2005,LEXUS,-,,,A,,-,-,2015
7010527,2,4,N,M,59,A,-,W,-,-,O,-,3,-,-,"- ",,,-,-,0,1,B,,-,L,"4 ",,A,,-,-,2015
7010536,1,4,Y,M,998,-,-,W,-,-,O,-,3,-,-,"- ",,,N,-,0,1,M,,-,L,"4 ",,H,,-,-,2015
7010536,2,1,N,M,34,A,-,E,M,G,Y,-,3,-,-,"- ",,,N,-,0,0,B,2008,HONDA,-,,,H,,-,-,2015
7010723,1,1,Y,M,31,A,-,E,M,G,Y,-,-,-,-,"- ",,,F,-,0,0,A,2007,CHEVROLET,D,22,,W,-,-,-,2015
7010723,2,4,N,M,76,A,-,-,-,-,O,-,-,-,-,"- ",,,N,-,0,1,E,,-,L,"4 ",,W,,-,-,2015
7011936,1,1,Y,F,50,A,-,S,M,G,Y,-,3,-,-,"- ",,,N,-,0,0,B,2003,TOYOTA,A,"1 ",,W,,-,-,2015
7011936,2,4,N,F,20,A,-,E,-,-,O,-,3,-,-,"- ",,,A,-,0,1,B,,-,L,"4 ",,B,,-,-,2015
7017722,1,4,Y,M,49,G,G,W,-,-,O,-,-,-,-,"- ",,,N,-,0,1,B,,-,L,"4 ",,W,,-,-,2015
7017818,1,4,Y,M,30,A,-,W,-,-,O,-,3,-,-,"- ",,,J,-,0,1,C,,-,L,"4 ",,,,-,-,2015
7017830,1,4,Y,M,40,A,-,W,-,-,O,-,-,-,-,"- ",,,-,-,0,1,D,,-,L,"4 ",,W,,-,-,2015
7020187,1,1,Y,-,998,G,G,-,-,-,,-,-,-,-,"- ",,,-,-,0,0,J,,-,-,,,,,-,-,2015
7020187,2,4,N,M,26,A,-,W,-,-,O,-,-,-,-,"- ",,,-,-,0,1,B,,-,L,"4 ",,W,,-,-,2015
7021522,1,4,Y,M,59,A,-,E,-,-,O,-,3,-,-,"- ",,,N,-,0,1,B,,-,L,"4 ",,W,,-,-,2015
7021530,1,4,N,M,54,C,-,E,-,-,O,-,3,-,-,"- ",,,N,-,0,1,B,,-,L,"4 ",,W,,-,-,2015
7021530,2,4,N,M,52,C,-,E,-,-,O,-,3,-,-,"- ",,,N,-,0,0,D,,-,L,"4 ",,W,,-,-,2015
7021534,1,4,N,F,26,A,-,W,-,-,O,-,-,-,-,"- ",,,N,-,0,1,B,,-,L,"4 ",,W,,-,-,2015
7022212,1,4,Y,M,48,A,-,W,-,-,O,-,-,-,-,"- ",,,F,-,0,1,B,,-,L,"4 ",,W,-,-,-,2015
7022212,2,1,N,F,17,A,-,W,M,C,Y,-,-,-,,44,21451,A,A,-,0,0,D,2013,KIA,-,,,W,,-,-,2015
7025985,1,1,Y,-,998,G,G,-,-,-,,-,-,-,-,"- ",,,F,-,0,0,A,,NISSAN,-,,,,-,-,-,2015
7025985,2,4,N,M,24,A,-,E,-,-,O,-,3,-,-,"- ",,,N,-,0,1,B,,-,L,"4 ",,A,,-,-,2015
7025989,1,1,Y,F,19,A,-,N,M,P,Y,-,3,-,-,"- ",,,N,-,0,0,A,2012,BMW,-,,,W,,-,-,2015
7025989,2,4,N,M,55,A,-,N,-,-,O,-,3,-,-,"- ",,,N,-,0,1,B,,-,L,"4 ",,W,,-,-,2015
7025989,3,1,N,F,39,A,-,N,M,G,,-,3,-,-,"- ",,,N,-,0,0,B,2006,MERCEDES-BENZ,-,,,,,-,-,2015
7026135,1,4,Y,M,27,A,-,W,-,-,O,-,-,-,-,"- ",,,N,-,0,1,B,,-,L,"4 ",,W,,-,-,2015
7026135,2,3,N,-,998,H,H,W,-,-,O,-,-,-,-,"- ",,,N,-,0,0,O,2005,TOYOTA,-,,,,,-,-,2015
7031131,1,1,Y,M,60,-,-,E,M,G,Y,-,-,-,-,"- ",,,E,-,0,0,E,2004,HYUNDAI,-,,,W,,-,-,2015
7031131,2,4,N,M,35,-,-,W,-,-,O,-,-,-,-,"- ",,,F,-,0,1,B,,-,L,"4 ",,W,-,-,-,2015
7031148,1,4,Y,M,65,A,-,W,-,-,O,-,3,-,-,"- ",,,N,-,0,1,B,,-,L,"4 ",,W,,-,-,2015
7031196,1,1,Y,-,998,G,G,S,-,-,,-,3,-,-,"- ",,,N,-,0,0,B,,-,-,99,,,,-,-,2015
7031196,2,4,N,M,30,A,-,S,-,-,O,-,3,-,-,"- ",,,N,-,0,1,D,,-,L,"4 ",,W,,-,-,2015
7031775,1,1,Y,M,75,A,-,S,M,G,Y,-,3,-,-,"- ",,,-,-,0,0,A,2010,TOYOTA,-,,,W,,-,-,2015
7031775,2,4,N,M,32,A,-,S,-,-,O,-,3,-,-,"- ",,,-,-,0,1,A,,-,L,"4 ",,W,,-,-,2015
7031811,1,1,Y,-,998,G,G,W,-,-,,-,-,-,-,"- ",,,-,-,0,0,B,,-,-,,,,,-,-,2015
7031811,2,4,N,M,19,A,-,S,-,-,O,-,-,-,-,"- ",,,-,-,0,1,B,,-,L,"4 ",,A,,-,-,2015
7032587,1,1,Y,F,31,A,-,S,M,G,Y,-,-,-,-,"- ",,,N,-,0,0,A,2007,TOYOTA,-,,,W,,-,-,2015
7032587,2,4,N,M,41,A,-,S,-,-,O,-,-,-,-,"- ",,,F,-,0,1,B,,-,L,"4 ",,W,-,-,-,2015
7032591,1,1,Y,M,23,A,-,E,M,G,Y,-,-,-,-,"- ",,,F,-,0,1,B,2011,DODGE,-,,,W,B,-,-,2015
7032591,2,4,N,M,29,A,-,E,-,-,O,-,-,-,-,"- ",,,N,-,0,1,B,,-,L,"4 ",,H,,-,-,2015
7032636,1,4,Y,M,58,A,-,W,-,-,O,-,3,-,-,"- ",,,N,-,0,1,B,,-,L,"4 ",,W,,-,-,2015
7032636,2,1,N,M,32,A,-,W,M,G,Y,-,3,-,-,"- ",,,N,-,0,0,D,2004,VOLKSWAGEN,A,"1 ",,W,,-,-,2015
7033469,1,4,Y,M,30,A,-,N,-,-,O,-,3,-,-,"- ",,,N,-,0,1,B,,-,L,"4 ",,W,,-,-,2015
7033469,2,1,N,M,43,A,-,N,M,H,Y,-,3,-,-,"- ",,,N,-,0,0,D,2008,LEXUS,A,"1 ",,W,,-,-,2015
7033483,1,1,Y,M,26,A,-,W,M,G,Y,-,3,-,-,"- ",,,N,-,0,0,D,2010,BMW,-,,,H,,-,-,2015
7033483,2,4,N,F,25,A,-,S,-,-,O,-,3,-,-,"- ",,,N,-,0,1,B,,-,L,"4 ",,W,,-,-,2015
7033486,1,4,Y,F,21,A,-,N,-,-,O,-,3,-,-,"- ",,,N,-,0,1,B,,-,L,"4 ",,W,,-,-,2015
7033486,2,1,N,F,75,A,-,E,M,G,Y,-,3,-,-,"- ",,,N,-,0,0,D,2006,TOYOTA,-,,,W,,-,-,2015
7039491,1,4,Y,M,64,G,G,E,-,-,O,-,3,-,-,"- ",,,N,-,0,1,A,,-,L,"4 ",,B,,-,-,2015
7039495,1,4,N,M,46,A,-,S,-,-,O,-,-,-,-,"- ",,,F,-,0,1,B,,-,L,"4 ",,H,-,-,-,2015
7039499,1,4,N,F,65,G,G,S,-,-,O,-,3,-,-,"- ",,,N,-,0,1,D,,-,L,"4 ",,W,,-,-,2015
7039507,1,4,N,M,42,A,-,-,-,-,O,-,-,-,-,"- ",,,N,-,0,1,B,,-,L,"4 ",,W,,-,-,2015
7039997,1,4,N,M,63,A,-,N,-,-,O,-,-,-,-,"- ",,,M,-,0,1,B,,-,L,"4 ",,W,,-,-,2015
7042944,1,4,Y,M,14,A,-,W,-,-,O,-,-,-,-,"- ",,,F,-,0,1,B,,-,L,"4 ",,W,-,-,-,2015
7042944,2,1,N,F,66,A,-,N,G,M,Y,-,-,-,-,"- ",,,N,-,0,0,B,2011,LEXUS,-,,,W,,-,-,2015
7042950,1,4,Y,M,76,A,-,E,-,-,O,-,-,-,-,"- ",,,-,-,0,1,B,,-,L,"4 ",,W,,-,-,2015
7042950,2,1,N,F,56,A,-,S,G,M,Y,-,-,-,-,"- ",,,H,-,0,0,A,2008,NISSAN,-,,,W,,-,-,2015
7043015,1,4,Y,F,20,A,-,E,-,-,O,-,3,-,-,"- ",,,N,-,0,1,B,,-,L,"4 ",,H,,-,-,2015
7043015,2,1,N,F,57,A,-,S,M,G,Y,-,3,-,-,"- ",,,N,-,0,0,D,2005,NISSAN,-,,,B,,-,-,2015
7043019,1,4,Y,M,28,A,-,S,-,-,O,-,3,-,,27,21650,1,A,-,0,1,Q,,-,L,"4 ",,W,,-,-,2015
7043019,2,1,N,F,53,A,-,W,M,G,Y,-,3,-,-,"- ",,,N,-,0,0,B,2005,NISSAN,A,"1 ",,W,,-,-,2015
7043735,1,1,Y,M,18,A,-,W,M,C,Y,-,3,-,-,"- ",,,N,-,0,0,D,2010,BMW,-,,,A,,-,-,2015
7043735,2,4,N,F,74,A,-,N,-,-,O,-,-,-,-,"- ",,,N,-,0,1,B,,-,L,"4 ",,W,,-,-,2015
7044311,1,1,N,M,60,A,-,S,M,G,Y,-,3,-,-,"- ",,,E,-,0,0,D,2016,FORD,I,12,,B,,-,-,2015
7044311,2,4,Y,M,47,A,-,E,-,-,O,-,-,-,-,"- ",,,-,-,0,1,B,,-,L,"4 ",,W,,-,-,2015
7047971,1,4,N,M,45,C,-,S,-,-,O,-,-,-,-,"- ",,,F,-,0,1,B,,-,L,"4 ",,H,-,-,-,2015
7047988,1,4,Y,M,64,A,-,W,-,-,O,-,3,-,-,"- ",,,N,-,0,1,B,,-,L,"4 ",,W,,-,-,2015
7047988,2,1,N,M,60,A,-,N,M,G,Y,-,3,-,-,"- ",,,N,-,0,0,B,2007,DODGE,-,,,W,,-,-,2015
7047996,1,4,N,M,54,A,-,S,-,-,O,-,3,-,-,"- ",,,F,-,0,1,B,,-,L,"4 ",,W,-,-,-,2015
7047996,2,1,N,F,47,A,-,W,M,-,Y,-,3,-,-,"- ",,,N,-,0,0,E,,HONDA,-,,,A,,-,-,2015
7049667,1,4,Y,M,20,A,-,W,-,-,O,-,-,-,-,"- ",,,N,-,0,1,B,,-,L,"4 ",,,,-,-,2015
7049984,1,4,Y,F,37,D,-,E,-,-,O,-,3,-,,39,21201,D,A,N,0,1,B,,-,L,"4 ",,W,,-,-,2015
7049984,2,1,N,M,38,A,-,N,M,G,Y,-,3,-,-,"- ",,,N,-,0,0,B,2009,FORD,F,55,,W,,-,-,2015
7050061,1,1,Y,M,22,A,-,N,M,-,Y,-,-,-,-,"- ",,,N,-,0,0,L,1998,TOYOTA,A,,,W,,-,-,2015
7050061,2,4,N,M,39,A,-,N,-,-,O,-,-,-,-,"- ",,,N,-,0,1,B,,-,L,,,W,,-,-,2015
7050064,1,1,Y,F,45,A,-,N,M,G,Y,-,-,-,-,"- ",,,N,-,0,0,E,2013,HYUNDAI,-,,,H,,-,-,2015
7050064,2,4,N,M,45,A,-,S,-,-,O,-,-,-,-,"- ",,,N,-,0,1,B,,-,L,"4 ",,W,,-,-,2015
7052864,1,1,Y,F,39,A,-,N,M,G,Y,-,3,-,-,"- ",,,N,-,0,0,A,2008,VOLKSWAGEN,-,,,W,,-,-,2015
7052864,2,4,N,-,25,A,-,W,-,-,O,-,3,-,-,"- ",,,J,-,0,1,B,,-,L,"4 ",,O,,-,-,2015
7052868,1,4,Y,M,38,A,-,S,-,-,O,-,-,-,-,"- ",,,-,-,0,1,B,,-,L,"4 ",,B,,-,-,2015
7052887,1,1,Y,M,24,A,-,W,M,B,Y,-,-,-,-,"- ",,,N,-,0,0,D,2010,HYUNDAI,-,,,W,,-,-,2015
7052887,2,4,N,M,50,A,-,W,-,-,O,-,-,-,-,"- ",,,N,-,0,1,B,,-,L,"4 ",,W,,-,-,2015
7053051,1,1,Y,F,18,A,-,E,M,G,Y,-,-,-,-,"- ",,,N,-,0,0,B,2006,HONDA,-,,,W,,-,-,2015
7053051,2,4,N,M,37,A,-,N,-,-,O,-,-,-,-,"- ",,,N,-,0,1,B,,-,L,"4 ",,,,-,-,2015
7053063,1,4,N,M,50,B,-,N,-,-,O,-,3,-,-,"- ",,,F,K,0,1,C,,-,L,"4 ",,W,-,-,-,2015
7053083,1,4,Y,M,19,A,-,W,-,-,O,-,3,-,-,"- ",,,N,-,0,1,B,,-,L,"4 ",,W,,-,-,2015
7053092,1,4,Y,F,53,A,-,S,-,-,O,-,3,-,-,"- ",,,N,-,0,1,B,,-,L,"4 ",,O,,-,-,2015
7053139,1,4,Y,M,29,D,-,S,-,-,O,-,-,-,-,"- ",,,F,-,0,1,B,,-,L,"4 ",,H,-,-,-,2015
7053196,1,1,Y,F,45,A,-,N,M,B,Y,-,-,-,-,"- ",,,-,-,0,0,D,1996,NISSAN,-,,,O,,-,-,2015
7053196,2,4,N,M,44,G,G,N,-,-,O,-,-,-,-,"- ",,,-,-,0,1,B,,-,L,"4 ",,O,,-,-,2015
7053846,1,4,Y,F,36,A,-,S,-,-,O,-,-,-,-,"- ",,,N,-,0,1,B,,-,L,"4 ",,W,,-,-,2015
7056026,1,1,Y,M,69,A,-,N,M,G,Y,-,3,-,-,"- ",,,N,-,0,0,D,2005,NISSAN,A,"1 ",,H,,-,-,2015
7056026,2,4,N,M,14,A,-,W,-,-,O,-,3,-,-,"- ",,,N,-,0,1,B,,-,L,"4 ",,W,,-,-,2015
7056027,1,4,Y,M,25,A,-,N,-,-,O,-,3,-,-,"- ",,,N,-,0,1,H,,-,L,"4 ",,H,,-,-,2015
7057814,1,4,Y,M,72,A,-,S,-,-,O,-,3,-,-,"- ",,,N,-,0,1,B,,-,L,"4 ",,W,,-,-,2015
7057814,2,1,N,F,51,A,-,E,M,G,Y,-,3,-,-,"- ",,,N,-,0,0,B,2000,HONDA,A,"1 ",,W,,-,-,2015
7057995,1,4,Y,M,53,A,-,S,-,-,O,-,-,E,-,"- ",,,-,-,0,1,B,,-,L,"4 ",,H,,-,-,2015
7057995,2,1,N,M,53,A,-,W,M,P,Y,-,-,E,-,"- ",,,-,-,0,0,E,1999,LEXUS,-,,,A,,-,-,2015
7057996,1,4,Y,M,67,A,-,S,-,-,O,-,3,-,-,"- ",,,-,-,0,1,L,,-,L,"4 ",,H,,-,-,2015
7057996,2,1,N,F,30,A,-,W,M,C,Y,-,3,-,-,"- ",,,-,-,0,0,B,2006,PONTIAC,-,,,H,,-,-,2015
7058034,1,4,Y,F,31,A,-,E,-,-,O,-,-,-,-,"- ",,,K,-,0,1,B,,-,L,"4 ",,W,,-,-,2015
7058170,1,4,Y,M,18,A,-,E,-,-,O,-,3,-,-,"- ",,,N,-,0,1,I,,-,L,"4 ",,H,,-,-,2015
7058170,2,1,N,M,37,A,-,E,M,G,Y,-,3,-,-,"- ",,,N,-,0,0,D,2014,TOYOTA,A,"1 ",,B,,-,-,2015
7061590,1,1,N,-,998,H,H,-,-,-,,-,-,-,-,"- ",,,F,-,0,0,D,,-,-,,,,-,-,-,2015
7061590,2,4,N,M,30,A,-,S,-,-,O,-,3,-,-,"- ",,,-,-,0,1,B,,-,L,"4 ",,W,,-,-,2015
7061898,1,1,Y,F,31,A,-,S,M,G,Y,-,3,-,-,"- ",,,E,N,0,0,L,1999,HONDA,A,"1 ",,W,,-,-,2015
7061898,2,4,N,M,38,A,-,W,-,-,O,-,3,-,-,"- ",,,N,-,0,1,B,,-,L,"4 ",,W,,-,-,2015
7061901,1,4,Y,M,20,A,-,N,-,-,O,-,3,-,,39,21201,D,A,-,0,1,B,,-,L,"4 ",,H,,-,-,2015
7061901,2,1,N,F,38,A,-,W,M,G,Y,-,3,-,-,"- ",,,N,-,0,0,B,2014,CHEVROLET,-,,,W,,-,-,2015
7063098,1,4,Y,M,29,A,-,S,-,-,O,-,3,-,-,"- ",,,A,K,0,1,D,,-,L,"4 ",,W,,-,-,2015
7063098,2,1,N,F,48,A,-,W,M,G,Y,-,3,-,-,"- ",,,-,-,0,1,B,2001,NISSAN,C,"6 ",,B,,-,-,2015
7063099,1,4,Y,F,59,A,-,S,-,-,O,-,3,-,-,"- ",,,N,-,0,1,B,,-,L,"4 ",,W,,-,-,2015
7064201,1,4,N,M,27,D,-,W,-,-,O,-,-,-,,20,23152,A,A,-,0,1,B,,-,L,"4 ",,W,,-,-,2015
7064259,1,4,N,M,14,A,-,N,-,-,O,-,3,-,-,"- ",,,N,-,0,1,B,,-,L,"4 ",,W,,-,-,2015
7064259,2,1,N,M,78,A,-,W,M,G,,-,3,-,-,"- ",,,N,-,0,0,B,2008,MERCEDES-BENZ,A,"1 ",,W,,-,-,2015
7064268,1,4,Y,M,14,A,-,W,-,-,O,-,3,-,-,"- ",,,F,-,0,1,B,,-,L,"4 ",,W,-,-,-,2015
7064268,2,1,N,M,19,A,-,S,M,G,Y,-,3,-,-,"- ",,,N,-,0,0,B,2008,FORD,A,"1 ",,W,,-,-,2015
7064681,1,4,Y,M,11,A,-,N,P,U,O,-,-,-,-,"- ",,,F,-,0,1,B,,-,L,"4 ",,H,-,-,-,2015
7064681,2,3,N,-,998,H,H,-,-,-,O,-,-,-,-,"- ",,,N,-,0,0,O,2000,TOYOTA,-,,,,,-,-,2015
7066750,1,4,Y,M,29,B,-,N,-,-,O,-,3,-,-,"- ",,,N,-,0,1,B,,-,L,"4 ",,H,,-,-,2015
7067013,1,4,Y,F,56,A,-,W,-,-,O,-,3,-,-,"- ",,,F,-,0,1,B,,-,L,"4 ",,W,H,-,-,2015
7067014,1,4,Y,F,53,A,-,S,-,-,O,-,3,-,-,"- ",,,N,-,0,1,B,,-,L,"4 ",,W,,-,-,2015
7067014,2,4,N,M,43,A,-,N,-,-,O,-,3,-,-,"- ",,,N,-,0,1,B,,-,L,"4 ",,W,,-,-,2015
7067169,1,4,Y,M,32,A,-,S,-,-,O,-,-,-,-,"- ",,,N,-,0,1,B,,-,L,"4 ",,H,,-,-,2015
7067169,2,1,N,M,25,A,-,W,M,G,Y,-,-,-,-,"- ",,,N,-,0,0,E,2001,LEXUS,-,,,,,-,-,2015
7067255,1,4,Y,M,13,A,-,E,-,-,O,-,3,-,-,"- ",,,N,-,0,1,B,,-,L,"4 ",,W,,-,-,2015
7067256,1,4,Y,M,22,A,-,W,-,-,O,-,3,-,-,"- ",,,N,-,0,1,B,,-,L,"4 ",,H,,-,-,2015
7067277,1,1,Y,M,43,A,-,E,M,G,Y,-,3,-,-,"- ",,,E,-,0,0,E,2005,MITSUBISHI,-,,,W,,-,-,2015
7067277,2,4,N,M,49,A,-,S,-,-,O,-,3,-,-,"- ",,,N,-,0,1,B,,-,L,"4 ",,W,,-,-,2015
7067289,1,1,Y,M,29,A,-,S,M,B,Y,-,3,-,-,"- ",,,N,-,0,0,E,2007,FORD,-,,,H,,-,-,2015
7067289,2,4,N,F,23,A,-,N,-,-,O,-,3,-,-,"- ",,,N,-,0,1,B,,-,L,"4 ",,A,,-,-,2015
7067314,1,1,Y,M,43,A,-,S,M,G,Y,-,3,-,-,"- ",,,F,-,0,0,B,1998,VOLVO,-,,,H,-,-,-,2015
7067314,2,4,N,M,42,A,-,E,-,-,O,-,3,-,-,"- ",,,-,-,0,1,B,,-,L,"4 ",,H,,-,-,2015
7067417,1,4,Y,M,36,A,-,E,-,-,O,-,-,-,-,"- ",,,N,-,0,1,B,,-,L,"4 ",,W,,-,-,2015
7067680,1,1,Y,M,30,H,H,S,M,G,Y,-,-,-,-,"- ",,,N,-,0,0,B,1997,HONDA,A,"1 ",,O,,-,-,2015
7067680,2,4,N,M,25,H,H,E,-,-,O,-,-,-,-,"- ",,,A,N,0,1,B,,-,L,"4 ",,B,,-,-,2015
7068279,1,4,Y,M,39,A,-,S,-,-,O,-,-,-,-,"- ",,,A,E,0,1,B,,-,L,"4 ",,B,,-,-,2015
7068286,1,4,N,M,57,A,-,W,-,-,O,-,3,-,-,"- ",,,N,-,0,0,B,,-,L,"4 ",,W,,-,-,2015
7068286,2,4,N,F,56,A,-,W,-,-,O,-,3,-,-,"- ",,,N,-,0,1,B,,-,L,"4 ",,W,,-,-,2015
7068429,1,1,Y,-,998,G,G,E,-,-,,-,3,-,-,"- ",,,N,-,0,0,B,,-,-,99,,,,-,-,2015
7068429,2,4,N,M,21,A,-,E,-,-,O,-,3,-,-,"- ",,,N,-,0,1,B,,-,L,"4 ",,W,,-,-,2015
7068430,1,4,N,M,64,A,-,E,-,-,O,-,3,-,-,"- ",,,N,-,0,1,B,,-,L,"4 ",,W,,-,-,2015
7069772,1,4,N,M,60,C,-,S,-,-,O,-,3,-,-,"- ",,,-,-,0,1,R,,-,L,"4 ",,W,,-,-,2015
7069951,1,1,Y,M,25,A,-,N,M,G,Y,-,-,-,-,"- ",,,F,-,0,0,E,2008,TOYOTA,-,,,O,-,-,-,2015
7069951,2,4,N,M,59,A,-,W,-,-,O,-,-,-,-,"- ",,,-,-,0,1,B,,-,L,"4 ",,W,,-,-,2015
7072570,1,1,Y,M,38,A,-,S,M,G,Y,-,3,-,-,"- ",,,N,-,0,0,B,2013,ACURA,A,"1 ",,H,,-,-,2015
7072570,2,4,N,M,49,A,-,S,-,-,O,-,3,-,-,"- ",,,N,-,0,1,B,,-,L,"4 ",,H,,-,-,2015
7072674,1,4,Y,M,18,C,-,S,-,-,O,-,3,-,-,"- ",,,N,-,0,1,B,,-,L,"4 ",,W,,-,-,2015
7078909,1,4,N,M,18,A,-,N,-,-,O,-,3,-,-,"- ",,,-,-,0,1,D,,-,L,"4 ",,H,,-,-,2014
7078909,2,1,N,M,64,A,-,S,M,G,Y,-,3,-,-,"- ",,,-,-,0,0,B,2012,KIA,-,,,W,,-,-,2014
7080300,1,4,Y,M,27,-,-,W,-,-,O,-,3,-,-,"- ",,,N,-,0,1,B,,-,L,"4 ",,H,,-,-,2015
7080300,2,1,N,M,55,-,-,N,M,G,Y,-,3,-,-,"- ",,,N,-,0,0,E,1999,CHEVROLET,-,,,H,,-,-,2015
7082009,1,4,Y,F,23,A,-,W,-,-,O,-,3,-,-,"- ",,,N,-,0,1,B,,-,L,"4 ",,W,,-,-,2015
7082009,2,1,N,F,58,A,-,N,M,G,Y,-,3,-,-,"- ",,,N,-,0,0,B,2015,LEXUS,A,"1 ",,W,,-,-,2015
7082012,1,1,Y,-,998,G,G,-,-,-,,-,-,-,-,"- ",,,-,-,0,0,E,,-,-,,,,,-,-,2015
7082012,2,4,N,F,23,A,-,W,-,-,O,-,-,-,-,"- ",,,-,-,0,1,B,,-,L,"4 ",,A,,-,-,2015
7082016,1,1,Y,F,48,A,-,S,M,G,Y,-,3,-,-,"- ",,,N,-,0,0,E,2009,NISSAN,A,"1 ",,,,-,-,2015
7082016,2,4,N,F,46,A,-,E,P,V,O,-,3,-,-,"- ",,,N,-,0,1,B,,-,L,"4 ",,W,,-,-,2015
7087117,1,4,Y,M,42,A,-,W,-,-,O,-,3,-,-,"- ",,,N,-,0,1,J,,-,L,"4 ",,W,,-,-,2015
7087117,2,1,N,M,61,A,-,W,M,G,Y,-,3,-,-,"- ",,,N,-,0,0,J,1997,FORD,A,"1 ",,W,,-,-,2015
7087691,1,4,Y,M,46,A,-,S,-,-,O,-,-,-,-,"- ",,,F,-,0,1,B,,-,L,"4 ",,H,-,-,-,2015
7087691,2,1,N,F,25,A,-,E,M,C,Y,-,3,-,-,"- ",,,-,-,0,0,E,2010,CHEVROLET,-,,,B,,-,-,2015
7087699,1,4,Y,M,44,A,-,S,-,-,O,-,3,-,-,"- ",,,N,-,0,1,B,,-,L,"4 ",,O,,-,-,2015
7087699,2,4,N,M,53,A,-,S,-,-,O,-,3,-,-,"- ",,,N,-,0,0,B,,-,L,"4 ",,O,,-,-,2015
7088027,1,1,Y,M,998,G,G,N,-,-,,-,-,-,,19,20002,,A,-,0,0,B,1999,TOYOTA,-,,,W,,-,-,2015
7088027,2,4,N,M,12,A,-,W,-,-,O,-,3,-,-,"- ",,,N,-,0,1,B,,-,L,"4 ",,H,,-,-,2015
7088032,1,4,Y,M,38,G,G,S,-,-,O,-,3,-,,27,21650,,A,K,0,1,E,,-,L,"4 ",,H,,-,-,2015
7088032,2,1,N,F,30,A,-,N,M,G,Y,-,3,-,-,"- ",,,N,-,0,0,B,2012,FIAT,A,"1 ",,H,,-,-,2015
7088048,1,1,Y,-,998,G,G,E,-,-,,-,3,-,,19,20001,A,A,-,0,0,I,,-,-,99,,,,-,-,2015
7088048,2,4,N,F,55,A,-,E,-,-,O,-,3,-,-,"- ",,,N,-,0,1,B,,-,L,"4 ",,W,,-,-,2015