CASE_ID,PARTY_NUMBER,PARTY_TYPE,AT_FAULT,PARTY_SEX,PARTY_AGE,PARTY_SOBRIETY,PARTY_DRUG_PHYSICAL,DIR_OF_TRAVEL,PARTY_SAFETY_EQUIP_1,PARTY_SAFETY_EQUIP_2,FINAN_RESPONS,SP_INFO_1,SP_INFO_2,SP_INFO_3,OAF_VIOLATION_CODE,OAF_VIOL_CAT,OAF_VIOL_SECTION,OAF_VIOLATION_SUFFIX,OAF_1,OAF_2,PARTY_NUMBER_KILLED,PARTY_NUMBER_INJURED,MOVE_PRE_ACC,VEHICLE_YEAR,VEHICLE_MAKE,STWD_VEHICLE_TYPE,CHP_VEH_TYPE_TOWING,CHP_VEH_TYPE_TOWED,RACE,INATTENTION,SPECIAL_INFO_F,SPECIAL_INFO_G,ACCIDENT_YEAR
8146092,1,4,Y,M,59,A,-,W,-,-,O,-,3,-,-,"- ",,,N,-,0,1,B,,-,L,"4 ",,W,,-,-,2016
8146528,1,4,Y,M,56,A,-,N,-,-,O,-,3,-,-,"- ",,,N,-,0,1,Q,,-,L,"4 ",,O,,-,-,2016
8146528,2,1,N,M,73,A,-,S,M,G,Y,-,3,-,,33,21453,B,A,-,0,0,D,2000,TOYOTA,D,22,,W,,-,-,2016
8146675,1,4,N,M,12,A,-,E,-,-,O,-,-,-,-,"- ",,,-,-,0,1,B,,-,L,"4 ",,H,,-,-,2016
8146675,2,1,N,F,36,A,-,S,M,G,Y,-,-,-,-,"- ",,,-,-,0,0,A,2006,FORD,-,,,H,,-,-,2016
8146683,1,1,Y,F,42,A,-,E,M,G,Y,-,3,-,-,"- ",,,F,-,0,0,E,2006,HONDA,-,,,,-,-,-,2016
8146683,2,4,N,F,12,A,-,W,-,-,O,-,3,-,-,"- ",,,M,-,0,1,B,,-,L,"4 ",,W,,-,-,2016
8146713,1,4,N,M,20,A,-,N,-,-,O,-,-,-,-,"- ",,,N,-,0,1,B,,-,L,"4 ",,W,,-,-,2016
8151838,1,4,Y,M,38,H,H,S,-,-,O,-,-,-,-,"- ",,,F,J,0,1,B,,-,L,"4 ",,W,-,-,-,2016
8151838,2,1,N,M,25,H,H,E,M,G,Y,-,-,-,-,"- ",,,-,-,0,0,B,2006,FORD,-,,,W,,-,-,2016
8151860,1,4,Y,M,54,A,-,W,-,-,O,-,3,-,-,"- ",,,N,-,0,1,B,,-,L,"4 ",,W,,-,-,2016
8151871,1,1,Y,F,60,C,-,W,M,G,Y,-,3,-,,30,21703,,A,-,0,0,B,2015,TOYOTA,-,,,W,,-,-,2016
8151871,2,4,N,M,30,A,-,W,-,-,O,-,3,-,-,"- ",,,N,-,0,1,B,,-,L,"4 ",,O,,-,-,2016
8151875,1,1,Y,M,52,A,-,N,M,G,Y,-,-,-,-,"- ",,,H,-,0,0,L,2013,KIA,-,,,W,,-,-,2016
8151875,2,4,N,M,43,A,-,W,-,-,O,-,-,-,,27,21650,,A,K,0,1,B,,-,L,"4 ",,H,,-,-,2016
8151879,1,4,Y,M,45,A,-,S,-,-,O,-,3,-,-,"- ",,,J,-,0,1,B,,-,L,"4 ",,W,,-,-,2016
8151901,1,1,Y,-,998,G,G,N,-,-,,-,-,-,,19,20002,,A,F,0,0,B,,-,-,,,,-,-,-,2016
8151901,2,4,N,M,49,A,-,W,-,-,O,-,3,-,-,"- ",,,N,-,0,1,B,,-,L,"4 ",,H,,-,-,2016
8151920,1,4,Y,F,998,-,-,W,-,-,O,-,-,-,,43,21201,B,A,N,0,1,-,,-,L,"4 ",,B,,-,-,2016
8151920,2,1,N,M,53,-,-,W,-,-,Y,-,3,-,-,"- ",,,N,-,0,0,-,2015,TOYOTA,-,,,,,-,-,2016
8151941,1,4,Y,M,18,G,G,S,-,-,O,-,3,-,-,"- ",,,N,-,0,1,B,,-,L,"4 ",,H,,-,-,2016
8151941,2,1,N,M,27,A,-,N,M,G,Y,-,3,-,-,"- ",,,N,-,0,0,E,2000,TOYOTA,A,"1 ",,W,,-,-,2016
8151961,1,4,Y,F,22,A,-,W,-,-,O,-,-,-,-,"- ",,,-,-,0,1,B,,-,L,"4 ",,H,,-,-,2016
8151962,1,4,Y,M,71,A,-,W,-,-,O,-,-,-,-,"- ",,,F,-,0,1,J,,-,L,"4 ",,A,-,-,-,2016
8151962,2,1,N,M,26,A,-,W,M,G,Y,-,-,-,-,"- ",,,N,-,0,0,B,2015,TOYOTA,-,,,A,,-,-,2016
8151966,1,1,Y,F,28,H,H,S,M,G,Y,-,-,-,-,"- ",,,F,-,0,0,D,2008,TOYOTA,A,"1 ",,W,-,-,-,2016
8151966,2,4,N,M,47,H,H,S,-,-,O,-,-,-,-,"- ",,,N,-,0,1,B,,-,L,"4 ",,W,,-,-,2016
8151973,1,4,Y,M,59,A,-,N,-,-,O,-,-,-,-,"- ",,,N,-,0,1,D,,-,L,"4 ",,W,,-,-,2016
8151973,2,1,N,M,18,A,-,N,-,G,Y,-,-,-,-,"- ",,,N,-,0,0,B,2004,SATURN,-,,,W,,-,-,2016
8151989,1,1,Y,M,74,A,-,E,M,G,Y,-,3,-,-,"- ",,,-,-,0,0,B,2011,TOYOTA,A,"1 ",,A,,-,-,2016
8151989,2,4,N,F,64,A,-,E,-,-,O,-,3,-,-,"- ",,,-,-,0,1,B,,-,L,"4 ",,W,,-,-,2016
8151994,1,4,Y,M,64,H,H,W,-,-,O,-,-,-,-,"- ",,,N,-,0,1,B,,-,L,"4 ",,B,,-,-,2016
8151994,2,1,N,M,66,H,H,N,M,G,N,-,-,-,-,"- ",,,N,-,0,0,D,2005,FORD,-,,,B,,-,-,2016
8151997,1,1,Y,F,59,A,-,N,M,G,Y,-,3,-,-,"- ",,,-,-,0,1,B,2010,LEXUS,-,,,O,,-,-,2016
8151997,2,4,N,F,46,A,-,E,-,-,O,-,-,-,-,"- ",,,-,-,0,1,E,,-,L,"4 ",,W,,-,-,2016
8151997,3,1,N,F,19,A,-,E,M,G,Y,-,3,-,-,"- ",,,-,-,0,0,E,2015,SUBARU,-,,,W,,-,-,2016
8154910,1,4,Y,M,22,A,-,S,-,-,O,-,-,-,-,"- ",,,-,-,0,1,B,,-,L,"4 ",,A,,-,-,2016
8154926,1,4,Y,M,60,-,-,S,-,-,O,-,-,-,,44,21200,,A,-,0,1,-,,-,L,"4 ",,W,,-,-,2016
8154942,1,1,Y,M,35,A,-,E,M,G,N,-,-,-,,47,14601,1,A,-,0,0,E,2002,CHRYSLER,-,,,,,-,-,2016
8154942,2,4,N,M,33,A,-,S,-,-,O,-,-,-,-,"- ",,,N,-,0,1,B,,-,L,"4 ",,W,,-,-,2016
8154950,1,1,Y,M,61,A,-,W,M,G,Y,-,-,-,-,"- ",,,E,-,0,0,E,2012,TOYOTA,A,"7 ",,W,,-,-,2016
8154950,2,4,N,M,46,A,-,E,-,-,O,-,-,-,-,"- ",,,N,-,0,1,B,,-,L,"4 ",,W,,-,-,2016
8155509,1,4,Y,F,11,A,-,N,-,-,O,-,3,-,-,"- ",,,N,-,0,1,B,,-,L,"4 ",,B,,-,-,2016
8155509,2,1,N,M,22,A,-,E,M,G,Y,-,3,-,-,"- ",,,N,-,0,0,B,2009,MAZDA,A,"1 ",,H,,-,-,2016
8156970,1,1,Y,M,21,A,-,W,M,G,Y,-,3,-,-,"- ",,,E,-,0,0,E,1993,JEEP,-,,,W,,-,-,2016
8156970,2,4,N,F,37,A,-,E,-,-,O,-,3,-,-,"- ",,,N,-,0,1,B,,-,L,"4 ",,W,,-,-,2016
8157006,1,4,Y,M,24,A,-,E,-,-,O,-,3,-,-,"- ",,,F,-,0,1,Q,,-,L,"4 ",,W,K,-,-,2016
8157006,2,1,N,M,53,A,-,S,M,G,Y,-,3,-,-,"- ",,,N,-,0,0,D,2010,HONDA,A,"1 ",,W,,-,-,2016
8157010,1,1,Y,M,30,A,-,S,M,G,Y,-,3,-,-,"- ",,,E,F,0,0,D,2004,GMC,-,,,H,-,-,-,2016
8157010,2,4,N,M,20,A,-,S,-,-,O,-,3,-,-,"- ",,,N,-,0,1,B,,-,L,"4 ",,W,,-,-,2016
8157013,1,4,Y,M,16,A,-,S,-,-,O,-,3,-,-,"- ",,,F,-,0,1,Q,,-,L,"4 ",,H,-,-,-,2016
8157013,2,1,N,F,59,A,-,N,M,G,Y,-,3,-,-,"- ",,,N,-,0,0,B,2011,MAZDA,C,"6 ",,W,,-,-,2016
8157025,1,4,Y,M,36,G,G,N,-,-,O,-,3,-,,27,21650,1,A,-,0,1,B,,-,L,"4 ",,H,,-,-,2016
8157025,2,1,N,-,998,B,-,W,-,-,,-,3,-,-,"- ",,,N,-,0,0,D,,-,A,"1 ",,,,-,-,2016
8157033,1,4,Y,M,59,D,-,N,-,-,O,-,3,-,-,"- ",,,N,-,0,1,B,,-,L,"4 ",,W,,-,-,2016
8157552,1,1,Y,F,41,A,-,W,M,B,Y,-,-,-,-,"- ",,,E,F,0,0,B,2007,TOYOTA,A,"1 ",,B,-,-,-,2016
8157552,2,4,N,F,57,A,-,N,-,-,O,-,-,-,-,"- ",,,-,-,0,1,B,,-,L,"4 ",,W,,-,-,2016
8157793,1,1,Y,-,998,G,G,N,-,-,,-,-,-,-,"- ",,,N,-,0,0,D,,-,-,,,,,-,-,2016
8157793,2,4,N,M,25,A,-,N,-,-,O,-,-,-,-,"- ",,,N,-,0,1,B,,-,L,"4 ",,W,,-,-,2016
8157802,1,1,Y,F,22,A,-,E,M,G,Y,-,3,-,-,"- ",,,N,-,0,0,E,2015,BMW,A,"1 ",,W,,-,-,2016
8157802,2,4,N,M,40,A,-,E,-,-,O,-,3,-,-,"- ",,,N,-,0,1,E,,-,L,"4 ",,A,,-,-,2016
8157810,1,1,Y,M,20,A,-,S,P,G,Y,-,3,-,-,"- ",,,N,-,0,0,F,2001,HONDA,-,,,B,,-,-,2016
8157810,2,4,N,M,33,A,-,S,-,-,O,-,3,-,-,"- ",,,N,-,0,1,B,,-,L,"4 ",,W,,-,-,2016
8157822,1,1,Y,M,34,A,-,S,M,G,Y,-,3,-,-,"- ",,,E,F,0,0,E,2006,HUMMER,A,"1 ",,H,-,-,-,2016
8157822,2,4,N,M,48,A,-,W,-,-,O,-,3,-,-,"- ",,,N,-,0,1,B,,-,L,"4 ",,W,,-,-,2016
8157986,1,4,Y,M,54,A,-,S,-,-,O,-,3,-,-,"- ",,,N,-,0,1,E,,-,L,"4 ",,W,,-,-,2016
8157986,2,1,N,M,53,A,-,N,M,G,Y,-,3,-,-,"- ",,,N,-,0,0,B,2003,HONDA,A,"1 ",,H,,-,-,2016
8160831,1,4,Y,M,75,A,-,S,-,-,O,-,3,-,-,"- ",,,F,-,0,1,B,,-,L,"4 ",,W,-,-,-,2016
8160831,2,1,N,F,49,A,-,E,P,G,Y,-,3,-,-,"- ",,,-,-,0,0,A,2014,BUICK,-,,,W,,-,-,2016
8162286,1,4,Y,M,54,-,-,E,-,-,O,-,-,-,-,"- ",,,-,-,0,1,A,,-,L,"4 ",,W,,-,-,2016
8162286,2,1,N,M,39,A,-,S,M,G,Y,-,3,-,-,"- ",,,-,-,0,0,B,2011,TOYOTA,A,"1 ",,O,,-,-,2016
8162306,1,4,Y,M,52,A,-,S,-,-,O,-,-,-,-,"- ",,,F,-,0,1,B,,-,L,"4 ",,W,-,-,-,2016
8163996,1,4,Y,M,33,A,-,S,-,-,O,-,3,-,-,"- ",,,N,-,0,1,L,,-,L,"4 ",,B,,-,-,2016
8163996,2,1,N,M,36,A,-,S,M,G,Y,-,3,-,-,"- ",,,N,-,0,0,B,2013,"INTERNATIONAL HARVESTER",F,26,,H,,-,-,2016
8164000,1,4,Y,M,58,G,G,E,-,-,O,-,-,-,-,"- ",,,F,-,0,1,B,,-,L,"4 ",,W,-,-,-,2016
8164000,2,1,N,M,30,G,G,S,M,B,,-,-,E,-,"- ",,,N,-,0,0,E,1997,"INTERNATIONAL HARVESTER",-,,,H,,-,-,2016
8164088,1,1,Y,M,45,A,-,W,M,P,Y,-,3,-,-,"- ",,,E,-,0,0,D,,-,-,,,W,,-,-,2016
8164088,2,4,N,M,47,G,G,N,-,-,O,-,3,-,-,"- ",,,N,-,0,1,E,,-,L,"4 ",,,,-,-,2016
8164119,1,4,N,M,48,A,-,W,-,-,O,-,-,-,-,"- ",,,N,-,0,1,I,,-,L,"4 ",,W,,-,-,2016
8164119,2,1,N,F,35,A,-,W,L,G,Y,-,-,-,-,"- ",,,N,-,0,0,B,2014,HONDA,-,,,H,,-,-,2016
8164433,1,1,Y,F,81,A,-,W,M,G,Y,-,-,-,-,"- ",,,N,-,0,0,A,2004,TOYOTA,A,"1 ",,,,-,-,2016
8164433,2,4,N,M,51,A,-,E,-,-,O,-,-,-,-,"- ",,,N,-,0,1,A,,-,L,"4 ",,,,-,-,2016
8164445,1,4,Y,M,39,A,-,S,-,-,O,-,-,-,-,"- ",,,F,-,0,1,B,,-,L,"4 ",,W,-,-,-,2016
8164445,2,1,N,F,28,A,-,W,M,G,Y,-,-,-,-,"- ",,,N,-,0,0,D,2009,NISSAN,A,"1 ",,H,,-,-,2016
8164447,1,4,Y,F,58,A,-,W,-,-,O,-,3,-,-,"- ",,,N,-,0,1,B,,-,L,"4 ",,W,,-,-,2016
8164449,1,4,Y,M,33,A,-,S,P,A,O,-,3,-,-,"- ",,,N,-,0,1,E,,-,L,"4 ",,W,,-,-,2016
8164449,2,3,N,-,998,H,H,S,-,-,O,-,3,-,-,"- ",,,N,-,0,0,A,2005,TOYOTA,A,"1 ",,,,-,-,2016
8164450,1,1,Y,M,57,A,-,E,M,H,Y,-,3,-,-,"- ",,,N,-,0,0,R,2001,OLDSMOBILE,A,"1 ",,B,,-,-,2016
8164450,2,4,N,M,47,A,-,E,-,-,O,-,3,-,-,"- ",,,N,-,0,1,B,,-,L,"4 ",,A,,-,-,2016
8164474,1,4,Y,M,70,A,-,N,-,-,O,-,-,-,,35,21456,B,A,-,0,1,B,,-,L,"4 ",,W,,-,-,2016
8164474,2,1,N,M,27,A,-,E,M,G,Y,-,-,-,-,"- ",,,F,-,0,0,D,2008,CHEVROLET,A,"1 ",,B,-,-,-,2016
8164478,1,1,Y,F,80,A,-,N,M,G,Y,-,-,-,-,"- ",,,F,-,0,0,E,2007,FORD,A,"7 ",,W,-,-,-,2016
8164478,2,4,N,M,47,A,-,S,-,-,O,-,-,-,-,"- ",,,F,-,0,1,B,,-,L,"4 ",,W,-,-,-,2016
8165300,1,1,Y,F,34,A,-,W,M,G,Y,-,3,-,-,"- ",,,F,-,0,0,L,2014,CHRYSLER,-,,,W,-,-,-,2016
8165300,2,4,N,M,47,A,-,N,-,-,O,-,3,-,-,"- ",,,N,-,0,1,B,,-,L,"4 ",,W,,-,-,2016
8165336,1,4,Y,F,23,A,-,E,-,-,O,-,3,-,-,"- ",,,N,-,0,1,L,,-,L,"4 ",,H,,-,-,2016
8165336,2,1,N,M,38,A,-,N,M,G,Y,-,3,-,-,"- ",,,N,-,0,0,B,2000,GMC,-,,,H,,-,-,2016
8169683,1,4,Y,M,15,-,-,E,-,-,O,-,-,-,-,"- ",,,N,-,0,1,E,,-,L,"4 ",,H,,-,-,2016
8169683,2,1,N,M,38,-,-,W,M,G,Y,-,-,-,-,"- ",,,N,-,0,0,B,1999,HONDA,-,,,H,,-,-,2016
8169687,1,1,Y,F,19,A,-,W,M,G,Y,-,3,-,-,"- ",,,F,-,0,0,B,2004,DODGE,-,,,B,-,-,-,2016
8169687,2,4,N,F,18,A,-,N,-,-,O,-,3,-,-,"- ",,,N,-,0,1,B,,-,L,"4 ",,W,,-,-,2016
8169698,1,4,N,M,72,H,H,W,-,-,O,-,-,-,-,"- ",,,-,-,0,1,B,,-,L,"4 ",,W,,-,-,2016
8169698,2,1,Y,M,20,A,-,W,M,G,Y,-,-,-,-,"- ",,,-,-,0,0,L,2015,NISSAN,A,"1 ",,H,,-,-,2016
8169703,1,1,Y,M,31,A,-,N,M,G,N,-,3,-,-,"- ",,,E,-,0,0,D,2016,MAZDA,A,"1 ",,W,,-,-,2016
8169703,2,4,N,F,28,A,-,E,-,-,O,-,3,-,-,"- ",,,N,-,0,1,R,,-,L,"4 ",,W,,-,-,2016
8169719,1,4,Y,M,20,A,-,N,-,-,O,-,3,-,-,"- ",,,J,-,0,1,D,,-,L,"4 ",,A,,-,-,2016
8169719,2,1,N,F,26,A,-,W,M,G,Y,-,3,-,-,"- ",,,-,-,0,0,B,2015,NISSAN,-,,,W,,-,-,2016
8169725,1,4,N,M,62,A,-,S,-,-,O,-,-,-,-,"- ",,,F,-,0,1,B,,-,L,"4 ",,H,-,-,-,2016
8169725,2,1,N,F,69,A,-,W,M,G,Y,-,-,-,-,"- ",,,F,-,0,0,B,2016,HONDA,-,,,W,-,-,-,2016
8169727,1,4,Y,M,15,A,-,-,-,-,O,-,-,-,,27,21650,1,A,F,0,1,B,,-,L,"4 ",,A,-,-,-,2016
8169727,2,1,N,M,37,A,-,N,M,G,Y,-,-,-,-,"- ",,,E,G,0,0,A,2013,NISSAN,A,"1 ",,W,,-,-,2016
8169737,1,4,Y,F,25,A,-,N,-,-,O,-,3,-,-,"- ",,,N,-,0,1,B,,-,L,"4 ",,H,,-,-,2016
8169737,2,1,N,M,62,A,-,W,M,G,Y,-,3,-,-,"- ",,,N,-,0,0,B,2016,AUDI,A,"1 ",,W,,-,-,2016
8169743,1,1,Y,M,27,A,-,N,M,G,Y,-,3,-,-,"- ",,,N,-,0,0,B,2003,HONDA,-,,,H,,-,-,2016
8169743,2,4,N,M,54,A,-,W,-,-,O,-,3,-,-,"- ",,,N,-,0,1,B,,-,L,"4 ",,W,,-,-,2016
8169747,1,1,Y,M,63,A,-,S,M,G,Y,-,-,-,-,"- ",,,-,-,0,0,L,1993,TOYOTA,A,"1 ",,W,,-,-,2016
8169747,2,4,N,M,31,G,G,W,-,-,O,-,-,-,-,"- ",,,-,-,0,1,B,,-,L,"4 ",,W,,-,-,2016
8169749,1,1,Y,-,998,G,G,S,-,-,,-,3,-,-,"- ",,,N,-,0,0,I,,-,-,99,,,,-,-,2016
8169749,2,4,N,M,21,A,-,S,-,-,O,-,3,-,-,"- ",,,N,-,0,1,B,,-,L,"4 ",,W,,-,-,2016
8169751,1,4,Y,F,21,G,G,E,-,-,O,-,3,-,-,"- ",,,N,-,0,1,B,,-,L,"4 ",,H,,-,-,2016
8169751,2,1,N,F,59,A,-,N,M,G,Y,-,3,-,-,"- ",,,N,-,0,0,B,1999,SUZUKI,-,,,W,,-,-,2016
8169759,1,4,Y,M,52,B,-,E,-,-,O,-,-,-,-,"- ",,,A,-,0,1,B,,-,L,"4 ",,W,,-,-,2016
8169759,2,1,N,F,48,A,-,S,M,G,Y,-,-,-,-,"- ",,,E,-,0,0,D,2006,SCION,-,,,W,,-,-,2016
8170812,1,1,Y,M,37,A,-,W,M,G,Y,-,-,-,-,"- ",,,F,-,0,0,D,2014,JEEP,-,,,W,-,-,-,2016
8170812,2,4,N,M,29,A,-,S,-,-,O,-,-,-,-,"- ",,,N,-,0,1,B,,-,L,"4 ",,W,,-,-,2016
8170832,1,1,Y,-,998,G,G,S,-,-,,-,-,-,-,"- ",,,N,-,0,0,B,,-,-,99,,,,-,-,2016
8170832,2,4,N,-,998,A,-,S,-,-,O,-,-,-,-,"- ",,,N,-,0,1,B,,-,L,"4 ",,,,-,-,2016
8170959,1,1,Y,-,998,-,,W,-,-,,-,-,-,-,"- ",,,-,-,0,0,-,,-,-,,,,,-,-,2016
8170959,2,4,N,F,19,A,-,S,-,-,O,-,-,-,-,"- ",,,N,-,0,1,B,,-,L,"4 ",,W,,-,-,2016
8171671,1,4,Y,M,33,A,-,S,-,-,O,-,-,-,-,"- ",,,K,-,0,1,B,,-,L,"4 ",,O,,-,-,2016
8172088,1,1,Y,M,44,A,-,E,M,G,Y,-,3,-,-,"- ",,,E,-,0,1,E,2000,AUDI,-,,,O,,-,-,2016
8172088,2,4,N,M,53,A,-,S,-,-,O,-,3,-,-,"- ",,,N,-,0,1,B,,-,L,"4 ",,W,,-,-,2016
8172088,3,4,N,F,43,A,-,S,-,-,O,-,3,-,-,"- ",,,N,-,0,1,B,,-,L,"4 ",,,,-,-,2016
8172100,1,4,Y,M,64,H,H,W,-,-,O,-,-,-,-,"- ",,,N,-,0,1,B,,-,L,"4 ",,W,,-,-,2016
8172100,2,4,N,F,61,H,H,W,-,-,O,-,-,-,-,"- ",,,N,-,0,1,B,,-,L,"4 ",,W,,-,-,2016
8172327,1,1,Y,-,998,D,-,N,-,-,,-,-,-,-,"- ",,,-,-,0,0,B,,-,-,,,,,-,-,2016
8172327,2,4,N,M,25,A,-,N,-,-,O,-,-,-,-,"- ",,,-,-,0,1,B,,-,L,"4 ",,W,,-,-,2016
8172335,1,1,Y,F,39,A,-,S,L,G,Y,-,3,-,-,"- ",,,N,-,0,1,J,2006,HONDA,A,"1 ",,H,,-,-,2016
8172335,2,1,N,M,45,A,-,S,M,G,Y,-,3,-,-,"- ",,,N,-,0,1,H,2007,TOYOTA,A,"1 ",,,,-,-,2016
8172335,3,4,N,M,38,A,-,-,-,-,O,-,3,-,-,"- ",,,N,-,0,1,B,,-,L,"4 ",,H,,-,-,2016
8172351,1,4,Y,M,11,A,-,S,-,-,O,-,-,-,-,"- ",,,N,-,0,1,B,,-,L,"4 ",,H,,-,-,2016
8172355,1,4,N,M,29,A,-,W,-,-,O,-,-,-,-,"- ",,,-,-,0,1,B,,-,L,"4 ",,H,,-,-,2016
8172355,2,1,Y,M,34,A,-,W,M,G,Y,-,-,-,-,"- ",,,-,-,0,0,B,2004,TOYOTA,A,"7 ",,W,,-,-,2016
8172356,1,1,Y,F,60,A,-,N,M,G,Y,-,-,-,-,"- ",,,F,-,0,0,M,2007,INFINITI,-,,,O,-,-,-,2016
8172356,2,4,N,M,19,A,-,S,-,-,O,-,-,-,-,"- ",,,N,-,0,1,B,,-,L,"4 ",,W,,-,-,2016
8172367,1,4,Y,M,19,G,G,N,-,-,O,-,-,-,,25,22350,,A,-,0,1,B,,-,L,"4 ",,O,,-,-,2016
8172371,1,1,Y,F,58,A,-,E,M,E,Y,-,-,-,-,"- ",,,F,-,0,0,B,2003,KIA,-,,,W,-,-,-,2016
8172371,2,4,N,M,66,A,-,E,-,-,O,-,-,-,-,"- ",,,F,-,0,1,B,,-,L,"4 ",,W,-,-,-,2016
8172379,1,4,Y,M,59,A,-,E,-,-,O,-,3,-,-,"- ",,,F,N,0,1,B,,-,L,"4 ",,W,-,-,-,2016
8172379,2,3,N,-,998,-,-,E,-,-,O,-,-,-,-,"- ",,,N,-,0,0,O,2000,PLYMOUTH,-,,,,,-,-,2016
8172396,1,4,Y,M,998,A,-,W,-,-,O,-,-,-,,39,21201,D,A,-,0,1,B,,-,L,"4 ",,W,,-,-,2016
8172396,2,1,N,M,54,A,-,N,M,B,Y,-,-,-,-,"- ",,,N,-,0,0,D,2015,BMW,A,"1 ",,W,,-,-,2016
8176874,1,4,Y,M,44,A,-,N,-,-,O,-,-,-,-,"- ",,,G,-,0,1,B,,-,L,"4 ",,W,,-,-,2016
8176874,2,1,N,M,80,A,-,W,M,G,,-,-,-,-,"- ",,,G,-,0,0,B,2001,TOYOTA,-,,,W,,-,-,2016
8178643,1,4,Y,M,15,G,G,W,-,-,O,-,3,-,-,"- ",,,N,-,0,1,B,,-,L,"4 ",,H,,-,-,2016
8178643,2,1,N,F,23,A,-,N,M,G,,-,3,-,,27,21650,,A,N,0,0,E,2010,HONDA,A,"1 ",,B,,-,-,2016
8178645,1,1,Y,-,998,G,G,E,-,-,,-,3,-,-,"- ",,,N,-,0,0,B,,-,-,,,,,-,-,2016
8178645,2,4,N,M,33,A,-,E,-,-,O,-,3,-,-,"- ",,,N,-,0,1,B,,-,L,"4 ",,H,,-,-,2016
8178647,1,1,Y,M,78,A,-,S,M,G,Y,-,3,-,-,"- ",,,E,-,0,0,E,1991,MAZDA,-,,,W,,-,-,2016
8178647,2,4,N,M,23,A,-,N,-,-,O,-,3,-,-,"- ",,,N,-,0,1,B,,-,L,"4 ",,W,,-,-,2016
8178654,1,1,Y,-,998,G,G,W,-,-,,-,-,-,-,"- ",,,N,-,0,0,B,,-,-,,,,,-,-,2016
8178654,2,4,N,M,10,A,-,W,-,-,O,-,3,-,-,"- ",,,N,-,0,1,B,,-,L,"4 ",,W,,-,-,2016
8178658,1,4,Y,M,48,G,G,E,-,-,O,-,3,-,-,"- ",,,N,-,0,1,E,,-,L,"4 ",,W,,-,-,2016
8178658,2,1,N,-,998,B,-,S,-,-,,-,3,-,-,"- ",,,N,-,0,0,B,,-,-,99,,,,-,-,2016
8178665,1,4,Y,M,69,A,-,N,-,-,O,-,3,-,-,"- ",,,N,-,0,1,J,,-,L,"4 ",,W,,-,-,2016
8178665,2,1,N,M,27,A,-,N,M,G,Y,-,3,-,-,"- ",,,N,-,0,0,B,2004,NISSAN,A,"1 ",,H,,-,-,2016
8178672,1,4,Y,M,76,A,-,S,-,-,O,-,3,-,-,"- ",,,N,-,0,1,B,,-,L,"4 ",,O,,-,-,2016
8178672,2,1,N,M,71,A,-,W,M,G,N,-,3,-,-,"- ",,,N,-,0,0,D,2001,ISUZU,-,,,H,,-,-,2016
8178677,1,3,Y,-,998,A,-,S,-,-,O,-,3,-,-,"- ",,,N,-,0,0,O,2015,HYUNDAI,A,"1 ",,,,-,-,2016
8178677,2,4,N,M,58,A,-,S,-,-,O,-,3,-,-,"- ",,,N,-,0,1,B,,-,L,"4 ",,W,,-,-,2016
8178677,3,1,N,F,19,A,-,S,M,G,Y,-,3,-,-,"- ",,,N,-,0,0,A,2010,TOYOTA,A,"1 ",,W,,-,-,2016
8178694,1,4,Y,F,33,G,G,W,-,-,O,-,3,-,,25,22350,,A,-,0,1,B,,-,L,"4 ",,W,,-,-,2016
8178694,2,1,N,M,58,A,-,W,M,G,Y,-,3,-,-,"- ",,,N,-,0,0,D,2001,FORD,-,,,H,,-,-,2016
8178696,1,1,Y,M,46,A,-,S,M,G,Y,-,3,-,,25,22350,,A,-,0,0,H,2013,LINCOLN,A,"1 ",,H,,-,-,2016
8178696,2,4,N,M,36,A,-,W,-,-,O,-,3,-,-,"- ",,,N,-,0,1,B,,-,L,"4 ",,B,,-,-,2016
8178718,1,4,Y,M,27,G,G,S,-,-,O,-,3,-,,33,21802,A,A,-,0,1,B,,-,L,"4 ",,B,,-,-,2016
8178718,2,1,N,F,54,A,-,E,M,G,Y,-,3,-,-,"- ",,,N,-,0,0,B,2004,HONDA,A,"1 ",,A,,-,-,2016
8179428,1,1,Y,M,68,A,-,E,M,G,Y,-,3,-,-,"- ",,,N,-,0,0,B,2004,KIA,A,"8 ",,W,,-,-,2016
8179428,2,4,N,F,59,A,-,S,-,-,O,-,-,-,-,"- ",,,N,-,0,1,B,,-,L,"4 ",,W,,-,-,2016
8179473,1,1,Y,F,56,A,-,N,M,G,Y,-,3,-,-,"- ",,,N,-,0,0,A,2015,HONDA,A,"1 ",,H,,-,-,2016
8179473,2,4,N,M,13,A,-,W,-,-,O,-,3,-,-,"- ",,,N,-,0,1,B,,-,L,"4 ",,B,,-,-,2016
8179506,1,1,N,F,39,A,-,N,M,G,Y,-,3,-,-,"- ",,,-,-,0,0,E,2012,INFINITI,A,"1 ",,B,,-,-,2016
8179506,2,4,Y,M,8,A,-,N,-,-,O,-,-,-,-,"- ",,,-,-,0,1,E,,-,L,"4 ",,B,,-,-,2016
8179513,1,1,Y,M,76,A,-,E,M,G,Y,-,-,-,-,"- ",,,-,-,0,0,E,2016,LEXUS,-,,,A,,-,-,2016
8179513,2,4,N,M,36,A,-,S,-,-,O,-,-,-,-,"- ",,,-,-,0,1,B,,-,L,"4 ",,W,,-,-,2016