CASE_ID,PARTY_NUMBER,PARTY_TYPE,AT_FAULT,PARTY_SEX,PARTY_AGE,PARTY_SOBRIETY,PARTY_DRUG_PHYSICAL,DIR_OF_TRAVEL,PARTY_SAFETY_EQUIP_1,PARTY_SAFETY_EQUIP_2,FINAN_RESPONS,SP_INFO_1,SP_INFO_2,SP_INFO_3,OAF_VIOLATION_CODE,OAF_VIOL_CAT,OAF_VIOL_SECTION,OAF_VIOLATION_SUFFIX,OAF_1,OAF_2,PARTY_NUMBER_KILLED,PARTY_NUMBER_INJURED,MOVE_PRE_ACC,VEHICLE_YEAR,VEHICLE_MAKE,STWD_VEHICLE_TYPE,CHP_VEH_TYPE_TOWING,CHP_VEH_TYPE_TOWED,RACE,INATTENTION,SPECIAL_INFO_F,SPECIAL_INFO_G,ACCIDENT_YEAR
8594862,2,4,N,M,62,-,-,E,-,-,O,-,-,-,-,"- ",,,N,-,0,1,B,,-,L,04,,W,,-,-,2018
8595875,1,4,Y,M,46,A,-,W,-,-,O,-,3,-,-,"- ",,,M,-,0,1,B,,-,L,04,,,,-,-,2018
8596333,1,-,Y,-,230,-,-,-,-,-,,-,-,-,,19,20002,,A,-,0,0,D,,-,-,,,,,-,-,2018
8596333,2,4,N,M,55,D,-,E,-,-,O,-,-,-,-,"- ",,,-,-,0,1,B,,-,L,04,,W,,-,-,2018
8598029,1,1,Y,M,36,A,-,E,M,P,Y,-,3,-,-,"- ",,,N,-,0,0,O,2009,SCION,A,01,,H,,-,-,2018
8598029,2,4,N,M,76,A,-,E,-,-,O,-,3,-,-,"- ",,,N,-,0,1,B,,-,L,04,,W,,-,-,2018
8598904,1,1,Y,M,31,A,-,W,M,G,Y,-,3,-,-,"- ",,,N,-,0,0,B,2017,TOYOTA,C,06,,H,,-,-,2018
8598904,2,4,N,F,26,A,-,S,-,-,O,-,3,-,-,"- ",,,N,-,0,1,D,,-,L,04,,H,,-,-,2018
8599530,1,4,Y,M,12,A,-,E,-,-,O,-,-,-,-,"- ",,,N,-,0,1,A,,-,L,04,,H,,-,-,2018
8599674,1,4,N,M,18,A,-,S,-,-,O,-,3,-,-,"- ",,,N,-,0,1,B,,-,L,04,,H,,-,-,2018
8599674,2,1,N,F,38,A,-,E,M,G,Y,-,3,-,-,"- ",,,N,-,0,0,B,2005,KIA,A,07,,W,,-,-,2018
8599812,1,1,Y,F,39,A,-,E,-,G,Y,-,3,-,-,"- ",,,N,-,0,0,E,2006,NISSAN,A,01,,H,,-,-,2018
8599812,2,4,N,M,69,A,-,N,-,-,O,-,3,-,-,"- ",,,N,-,0,1,-,,-,L,04,,H,,-,-,2018
8603652,1,4,Y,M,11,A,-,S,-,-,O,-,-,-,,25,22350,,A,N,0,1,B,,-,L,04,,W,,-,-,2018
8603652,2,1,N,F,73,A,-,S,M,G,Y,-,-,-,-,"- ",,,N,-,0,0,B,2009,LEXUS,A,01,,W,,-,-,2018
8603754,1,4,N,M,31,A,-,W,-,-,O,-,3,-,-,"- ",,,F,-,0,1,B,,-,L,04,,B,-,-,-,2018
8603754,2,1,Y,M,61,A,-,N,M,G,Y,-,3,-,-,"- ",,,N,-,0,0,B,2005,TOYOTA,A,01,,W,,-,-,2018
8605031,1,4,N,M,64,G,G,W,-,-,O,-,-,-,-,"- ",,,K,-,0,1,B,,-,L,04,,W,,-,-,2018
8605304,1,1,Y,F,18,B,-,S,M,B,Y,-,3,-,-,"- ",,,N,-,0,0,B,1999,FORD,-,,,H,,-,-,2017
8605304,2,4,N,M,31,A,-,S,-,-,O,-,3,-,-,"- ",,,N,-,0,1,B,,-,L,"4 ",,H,,-,-,2017
8606155,1,4,Y,M,57,A,-,W,-,-,O,-,-,-,-,"- ",,,N,-,0,1,B,,-,L,04,,,,-,-,2018
8606155,2,1,N,F,41,A,-,N,M,C,Y,-,-,-,-,"- ",,,N,-,0,0,L,2018,TOYOTA,-,,,B,,-,-,2018
8607362,1,4,N,M,77,A,-,-,-,-,O,-,-,-,-,"- ",,,-,-,0,1,B,,-,L,04,,W,,-,-,2018
8608344,1,4,Y,M,59,A,-,W,-,-,O,-,-,-,-,"- ",,,N,-,0,1,B,,-,L,04,,W,,-,-,2018
8608737,1,4,Y,M,73,A,-,E,-,-,O,-,-,-,-,"- ",,,N,-,0,1,B,,-,L,04,,W,,-,-,2018
8610133,1,4,Y,M,68,-,-,S,-,-,O,-,-,-,-,"- ",,,-,-,0,1,B,,-,L,04,,W,,-,-,2018
8610348,1,1,Y,-,230,G,G,N,-,B,,-,-,-,-,"- ",,,N,-,0,0,B,,-,-,,,,,-,-,2018
8610348,2,4,N,M,28,A,-,N,-,-,O,-,-,-,-,"- ",,,N,-,0,1,A,,-,L,04,,W,,-,-,2018
8610396,1,4,N,M,22,G,G,N,-,-,O,-,3,-,-,"- ",,,N,-,0,1,R,,-,L,04,,B,,-,-,2018
8610400,1,4,N,M,17,A,-,S,-,-,O,-,-,-,,44,21204,B,A,F,0,1,B,,-,L,04,,H,-,-,-,2018
8611030,1,1,Y,F,49,A,-,E,M,G,Y,-,3,-,-,"- ",,,N,-,0,0,E,2014,NISSAN,A,01,,O,,-,-,2018
8611030,2,4,N,F,26,A,-,N,-,-,O,-,3,-,-,"- ",,,N,-,0,1,B,,-,L,04,,W,,-,-,2018
8611123,1,4,Y,F,31,A,-,E,-,-,O,-,-,-,-,"- ",,,-,-,0,1,B,,-,L,04,,H,,-,-,2018
8611123,2,1,N,F,32,A,-,N,M,G,Y,A,-,-,-,"- ",,,-,-,0,0,B,2013,HYUNDAI,A,01,,H,,-,-,2018
8613740,1,4,Y,M,55,A,-,E,-,-,O,-,3,-,-,"- ",,,-,-,0,1,B,,-,L,04,,W,,-,-,2018
8613740,2,1,N,M,85,A,-,N,M,G,Y,-,3,-,-,"- ",,,E,-,0,0,D,2012,HYUNDAI,-,,,W,,-,-,2018
8613837,1,4,Y,F,53,G,G,N,-,-,O,-,-,-,-,"- ",,,-,-,0,1,B,,-,L,04,,B,,-,-,2018
8614247,1,1,Y,F,77,H,H,S,M,E,Y,-,-,-,-,"- ",,,N,-,0,0,D,2004,HONDA,-,,,B,,-,-,2018
8614247,2,4,N,M,48,H,H,S,-,-,O,-,-,-,-,"- ",,,N,-,0,1,B,,-,L,04,,W,,-,-,2018
8614260,1,1,Y,M,22,A,-,N,M,G,Y,-,3,-,-,"- ",,,H,-,0,0,B,2003,CHEVROLET,-,,,H,,-,-,2018
8614260,2,4,N,M,19,A,-,S,-,-,O,-,3,-,-,"- ",,,A,N,0,1,B,,-,L,04,,W,,-,-,2018
8614303,1,4,Y,F,16,H,H,W,-,-,O,-,-,-,-,"- ",,,N,-,0,1,B,,-,L,04,,H,,-,-,2018
8614303,2,1,N,M,20,A,-,E,M,G,Y,-,-,-,-,"- ",,,N,-,0,0,B,2013,MINI,-,,,W,,-,-,2018
8614576,1,1,Y,M,63,A,-,E,M,G,Y,-,3,-,-,"- ",,,N,-,0,0,B,2012,HYUNDAI,A,01,,W,,-,-,2018
8614576,2,4,N,M,41,A,-,S,-,-,O,-,3,-,-,"- ",,,N,-,0,1,B,,-,L,04,,W,,-,-,2018
8615524,1,4,N,F,43,A,-,E,-,-,O,-,3,-,-,"- ",,,N,-,0,1,B,,-,L,04,,A,,-,-,2018
8615524,2,1,N,M,29,A,-,N,M,G,Y,-,3,-,-,"- ",,,N,-,0,0,D,2013,CHEVROLET,-,,,O,,-,-,2018
8615528,1,4,Y,M,12,A,-,S,-,-,O,-,-,-,-,"- ",,,F,-,0,1,B,,-,L,04,,,-,-,-,2018
8615528,2,1,N,F,48,A,-,E,M,G,Y,-,-,-,-,"- ",,,F,-,0,0,B,2010,HONDA,-,,,W,-,-,-,2018
8615536,1,4,Y,F,45,C,-,W,-,-,O,-,-,-,,39,21201,D,A,F,0,1,B,,-,L,04,,W,-,-,-,2018
8615536,2,1,N,F,23,A,-,S,M,G,Y,-,-,-,-,"- ",,,N,-,0,0,D,2014,HYUNDAI,A,01,,W,,-,-,2018
8615556,1,4,Y,M,52,A,-,N,-,-,O,-,3,-,-,"- ",,,N,-,0,1,B,,-,L,04,,W,,-,-,2018
8615556,2,1,N,M,23,A,-,E,M,G,Y,-,3,-,,33,21804,A,A,N,0,0,D,2016,MINI,A,01,,W,,-,-,2018
8616061,1,1,Y,F,22,H,H,W,M,C,Y,-,3,-,-,"- ",,,N,-,0,0,E,2011,JEEP,-,,,H,,-,-,2018
8616061,2,4,N,M,22,H,H,W,-,-,O,-,3,-,-,"- ",,,N,-,0,1,E,,-,L,04,,O,,-,-,2018
8616146,1,1,Y,F,47,G,G,S,M,G,Y,-,3,-,-,"- ",,,N,-,0,0,D,2015,VOLKSWAGEN,A,01,,W,,-,-,2018
8616146,2,4,N,M,31,G,G,S,-,-,O,-,3,-,-,"- ",,,N,-,0,1,B,,-,L,04,,W,,-,-,2018
8616438,1,1,Y,M,32,A,-,S,M,B,Y,-,-,-,-,"- ",,,E,-,0,0,G,2016,CHRYSLER,-,,,H,,-,-,2018
8616438,2,4,N,M,46,A,-,N,-,-,O,-,-,-,-,"- ",,,E,-,0,1,B,,-,L,04,,W,,-,-,2018
8618409,1,4,Y,M,55,A,-,E,-,-,O,-,3,-,-,"- ",,,N,-,0,1,B,,-,L,04,,W,,-,-,2018
8618409,2,4,N,M,52,A,-,E,-,-,O,-,3,-,-,"- ",,,N,-,0,0,B,,-,L,04,,W,,-,-,2018
8618410,1,4,Y,M,62,C,-,W,-,-,O,-,-,-,-,"- ",,,-,-,0,1,B,,-,L,04,,B,,-,-,2018
8618410,2,1,N,M,64,A,-,N,M,G,Y,-,-,-,-,"- ",,,N,-,0,0,D,2016,SUBARU,-,,,W,,-,-,2018
8619190,1,4,Y,F,57,A,-,N,-,-,O,-,3,-,-,"- ",,,N,-,0,1,E,,-,L,04,,W,,-,-,2018
8619190,2,-,N,M,42,A,-,N,P,G,Y,-,3,-,-,"- ",,,N,-,0,0,B,2008,"OTHER - BUS",I,09,,H,,-,-,2018
8619313,1,4,Y,M,12,A,-,N,-,-,O,-,-,-,-,"- ",,,N,-,0,1,L,,-,L,04,,W,,-,-,2018
8619313,2,1,N,F,30,A,-,S,M,G,Y,-,-,-,-,"- ",,,N,-,0,0,B,2012,MAZDA,A,01,,W,,-,-,2018
8621304,1,4,Y,M,71,A,-,E,-,-,O,-,3,-,-,"- ",,,O,-,0,1,B,,-,L,04,,W,,-,-,2018
8621316,1,4,Y,M,22,-,-,W,-,-,O,-,3,-,-,"- ",,,-,-,0,1,-,,-,L,04,,H,,-,-,2018
8621316,2,1,N,M,25,-,-,N,M,G,Y,-,3,-,-,"- ",,,E,-,0,0,-,2013,TOYOTA,-,,,H,,-,-,2018
8621355,1,1,Y,-,230,G,G,-,-,-,,-,-,-,-,"- ",,,N,-,0,0,A,,-,-,99,,,,-,-,2018
8621355,2,4,N,M,22,A,-,W,-,-,O,-,-,-,-,"- ",,,N,-,0,1,B,,-,L,04,,W,,-,-,2018
8621360,1,4,Y,M,230,G,G,W,-,-,O,-,3,-,-,"- ",,,N,-,0,1,B,,-,L,04,,,,-,-,2018
8621360,2,1,N,F,28,A,-,E,M,B,Y,-,3,-,-,"- ",,,N,-,0,0,L,2017,TOYOTA,A,01,,W,,-,-,2018
8621469,1,4,Y,M,16,A,-,S,-,-,O,-,3,-,-,"- ",,,M,-,0,1,B,,-,L,04,,H,,-,-,2018
8621469,2,1,N,M,44,A,-,W,M,G,Y,-,3,-,-,"- ",,,E,-,0,0,B,2017,NISSAN,A,08,,W,,-,-,2018
8621473,1,1,Y,M,54,A,-,W,M,G,Y,-,3,-,-,"- ",,,N,-,0,0,D,2008,CHEVROLET,A,08,,,,-,-,2018
8621473,2,4,N,M,58,A,-,W,-,-,O,-,3,-,-,"- ",,,N,-,0,1,B,,-,L,04,,W,,-,-,2018
8624234,1,1,Y,M,33,A,-,N,M,G,Y,-,3,-,-,"- ",,,N,-,0,0,B,2014,FORD,J,48,,W,,-,-,2018
8624234,2,4,N,F,53,B,-,W,-,-,O,-,3,-,,00,21206,,A,K,0,1,B,,-,L,04,,W,,-,-,2018
8625523,1,1,Y,M,39,A,-,E,M,G,Y,-,3,-,-,"- ",,,G,-,0,0,E,2015,BMW,A,01,,,,-,-,2018
8625523,2,4,N,M,56,A,-,W,-,-,O,-,3,-,-,"- ",,,-,-,0,1,B,,-,L,04,,W,,-,-,2018
8625527,1,4,Y,M,34,A,-,W,-,-,O,-,3,-,-,"- ",,,N,-,0,1,J,,-,L,04,,W,,-,-,2018
8625527,2,1,N,M,72,A,-,W,M,G,Y,-,3,-,-,"- ",,,N,-,0,0,B,2010,TOYOTA,A,01,,W,,-,-,2018
8625531,1,1,Y,F,48,A,-,E,M,G,Y,-,3,-,-,"- ",,,N,-,0,0,B,2000,BMW,-,,,O,,-,-,2018
8625531,2,4,N,M,15,A,-,N,-,-,O,-,3,-,-,"- ",,,N,-,0,1,B,,-,L,04,,W,,-,-,2018
8625575,1,4,Y,M,64,A,-,S,-,-,O,-,-,-,-,"- ",,,-,-,0,1,B,,-,L,04,,W,,-,-,2018
8625595,1,4,Y,M,16,A,-,E,-,-,O,-,-,-,,27,21650,1,A,N,0,1,B,,-,L,04,,H,,-,-,2018
8625595,2,1,N,F,37,A,-,W,M,G,Y,-,-,-,-,"- ",,,N,-,0,0,D,2004,FORD,A,07,,B,,-,-,2018
8626081,1,1,Y,M,85,A,-,N,M,G,Y,-,-,-,-,"- ",,,N,-,0,0,D,2009,HONDA,A,01,,W,,-,-,2018
8626081,2,4,N,M,16,A,-,W,-,-,O,-,3,-,-,"- ",,,-,-,0,1,B,,-,L,04,,A,,-,-,2018
8626114,1,1,Y,F,53,A,-,N,M,G,Y,-,3,-,-,"- ",,,F,-,0,0,B,2018,TOYOTA,-,,,A,-,-,-,2018
8626114,2,4,N,M,54,A,-,E,-,-,O,-,3,-,-,"- ",,,N,-,0,1,E,,-,L,04,,W,,-,-,2018
8626117,1,4,Y,M,50,D,-,E,-,-,O,-,3,-,-,"- ",,,N,-,0,1,L,,-,L,04,,W,,-,-,2018
8626117,2,1,N,F,24,A,-,S,M,C,Y,-,3,-,-,"- ",,,N,-,0,0,B,2015,HONDA,-,,,H,,-,-,2018
8626122,1,4,Y,M,37,A,-,W,-,-,O,-,-,-,-,"- ",,,-,-,0,1,B,,-,L,04,,W,,-,-,2018
8626126,1,4,Y,M,16,A,-,E,-,-,O,-,-,-,-,"- ",,,-,-,0,1,B,,-,L,04,,H,,-,-,2018
8627009,1,1,Y,-,230,G,G,-,-,-,,-,-,-,-,"- ",,,M,-,0,0,R,,-,-,99,,,,-,-,2018
8627009,2,4,N,M,28,H,H,-,-,-,O,-,-,-,-,"- ",,,M,-,0,1,R,,-,L,04,,W,,-,-,2018
8627905,1,1,Y,F,230,A,-,N,-,-,,-,3,-,-,"- ",,,N,-,0,0,D,2001,CHEVROLET,D,22,,,,-,-,2018
8627905,2,4,N,M,37,C,-,N,-,-,O,-,3,-,-,"- ",,,N,-,0,1,B,,-,L,04,,W,,-,-,2018
8628647,1,4,Y,M,33,A,-,W,-,-,O,-,-,-,-,"- ",,,N,-,0,1,B,,-,L,04,,A,,-,-,2018
8628663,1,4,Y,M,75,-,-,N,-,-,O,-,3,-,-,"- ",,,N,-,0,1,B,,-,L,04,,W,,-,-,2018
8628663,2,1,N,F,43,-,-,N,M,B,Y,-,3,-,-,"- ",,,N,-,0,0,B,2007,LEXUS,A,01,,A,,-,-,2018
8628667,1,1,Y,M,63,A,-,S,M,G,Y,-,-,-,-,"- ",,,-,-,0,0,E,2015,TOYOTA,-,,,W,,-,-,2018
8628667,2,4,N,M,45,A,-,N,-,-,O,-,-,-,-,"- ",,,-,-,0,1,B,,-,L,04,,W,,-,-,2018
8628712,1,2,Y,-,230,G,G,-,-,-,O,-,3,-,-,"- ",,,F,-,0,0,B,,-,N,60,,,-,-,-,2018
8628712,2,4,N,M,65,A,-,W,-,-,O,-,3,-,-,"- ",,,F,-,0,1,B,,-,L,04,,W,-,-,-,2018
8629651,1,1,Y,F,17,H,H,N,M,G,Y,-,3,-,-,"- ",,,N,-,0,0,D,2005,VOLVO,-,,,W,,-,-,2018
8629651,2,4,N,M,37,H,H,N,-,-,O,-,3,-,-,"- ",,,N,-,0,1,B,,-,L,04,,W,,-,-,2018
8629822,1,4,Y,M,24,A,-,S,-,-,O,-,3,-,-,"- ",,,-,-,0,1,B,,-,L,04,,B,,-,-,2018
8632776,1,4,N,-,230,A,-,S,-,-,O,-,3,-,-,"- ",,,N,-,0,1,B,,-,L,04,,,,-,-,2018
8632776,2,1,N,M,63,A,-,W,M,G,Y,-,3,-,-,"- ",,,N,-,0,0,B,2006,GMC,A,01,,,,-,-,2018
8633244,1,1,Y,M,58,A,-,E,M,G,Y,-,3,-,-,"- ",,,N,-,0,0,D,2000,FORD,D,22,,H,,-,-,2018
8633244,2,4,N,M,59,A,-,E,-,-,O,-,3,-,-,"- ",,,N,-,0,1,B,,-,L,04,,W,,-,-,2018
8633661,1,1,Y,-,230,D,-,W,-,-,,-,-,-,,19,20002,,A,F,0,0,B,,-,-,99,,,-,-,-,2018
8633661,2,4,N,M,16,A,-,W,-,-,O,-,-,-,-,"- ",,,N,-,0,1,B,,-,L,04,,,,-,-,2018
8633704,1,4,Y,M,48,B,-,W,-,-,O,-,-,-,,44,21200,,A,-,0,1,I,,-,L,04,,H,,-,-,2018
8633704,2,3,N,-,230,-,-,-,-,-,O,-,-,-,-,"- ",,,-,-,0,0,O,1989,NISSAN,-,,,,,-,-,2018
8633749,1,4,N,M,86,A,-,N,-,-,O,-,-,-,-,"- ",,,L,-,0,1,B,,-,L,04,,W,,-,-,2018
8634962,1,1,Y,F,60,A,-,E,M,G,Y,-,3,-,-,"- ",,,N,-,0,0,B,2000,JEEP,-,,,H,,-,-,2018
8634962,2,4,N,F,27,A,-,E,-,-,O,-,3,-,-,"- ",,,N,-,0,1,B,,-,L,04,,W,,-,-,2018
8636517,1,4,Y,M,19,A,-,W,-,-,O,-,3,-,,27,21650,1,A,-,0,1,Q,,-,L,04,,B,,-,-,2018
8636517,2,1,N,M,77,A,-,E,M,G,Y,-,3,-,-,"- ",,,N,-,0,0,B,1998,TOYOTA,A,07,,O,,-,-,2018
8636517,3,3,N,-,230,H,H,E,-,-,O,-,3,-,-,"- ",,,N,-,0,0,O,2004,TOYOTA,A,07,,,,-,-,2018
8636525,1,4,Y,M,31,A,-,W,-,-,O,-,-,-,-,"- ",,,-,-,0,1,L,,-,L,04,,W,,-,-,2018
8636525,2,1,N,F,40,A,-,W,M,C,Y,-,-,-,-,"- ",,,-,-,0,0,B,2011,CHEVROLET,-,,,W,,-,-,2018
8636525,3,1,N,F,32,A,-,W,M,C,Y,-,-,-,-,"- ",,,-,-,0,0,B,2003,NISSAN,-,,,H,,-,-,2018
8638478,1,4,N,M,55,D,-,E,-,-,O,-,3,-,-,"- ",,,N,-,0,1,D,,-,L,04,,W,,-,-,2018
8640809,1,4,Y,M,30,A,-,W,-,-,O,-,3,-,,33,21801,A,A,-,0,1,E,,-,L,04,,H,,-,-,2018
8640809,2,1,N,M,41,A,-,E,M,G,Y,-,3,-,-,"- ",,,E,-,0,0,B,2014,CHEVROLET,-,,,B,,-,-,2018
8640829,1,4,N,F,23,A,-,S,-,-,O,-,3,-,-,"- ",,,N,-,0,1,B,,-,L,04,,W,,-,-,2018
8640829,2,1,N,F,30,A,-,E,M,G,Y,-,3,-,-,"- ",,,N,-,0,0,B,2014,FORD,A,01,,W,,-,-,2018
8640976,1,4,Y,M,65,D,-,E,-,-,O,-,3,-,-,"- ",,,-,-,0,1,B,,-,L,04,,W,,-,-,2018
8640991,1,1,Y,M,55,G,G,N,M,G,Y,-,3,-,-,"- ",,,N,-,0,0,D,2017,HYUNDAI,-,,,H,,-,-,2018
8640991,2,4,N,F,36,G,G,N,-,-,O,-,3,-,-,"- ",,,-,-,0,1,B,,-,L,04,,W,,-,-,2018
8641008,1,4,Y,F,21,A,-,N,-,-,O,-,-,-,-,"- ",,,E,-,0,1,B,,-,L,04,,H,,-,-,2018
8641008,2,1,N,M,41,A,-,W,-,-,Y,-,-,-,-,"- ",,,N,-,0,0,B,2017,FORD,-,,,W,,-,-,2018
8641016,1,1,Y,-,230,-,-,E,-,-,,-,3,-,-,"- ",,,N,-,0,0,B,,-,A,01,,,,-,-,2018
8641016,2,4,N,F,24,-,-,S,-,-,O,-,3,-,-,"- ",,,N,-,0,1,B,,-,L,04,,W,,-,-,2018
8641624,1,1,Y,M,99,A,-,N,M,G,Y,-,-,-,-,"- ",,,-,-,0,0,B,2016,NISSAN,A,01,,B,,-,-,2018
8641624,2,4,N,M,54,A,-,E,-,-,O,-,-,-,-,"- ",,,-,-,0,1,B,,-,L,04,,O,,-,-,2018
8641640,1,4,Y,F,17,A,-,N,-,-,O,-,-,-,-,"- ",,,A,-,0,1,B,,-,L,04,,,,-,-,2018
8641640,2,1,N,F,61,A,-,E,M,G,Y,-,-,-,-,"- ",,,N,-,0,0,D,1998,TOYOTA,-,,,W,,-,-,2018
8641652,1,1,Y,M,22,A,-,N,M,G,Y,-,3,-,-,"- ",,,N,-,0,0,B,2015,CHRYSLER,A,01,,H,,-,-,2018
8641652,2,4,N,M,66,A,-,E,-,-,O,-,3,-,,40,21201,A,A,-,0,1,B,,-,L,04,,H,,-,-,2018
8641656,1,4,Y,M,13,A,-,E,-,-,O,-,3,-,-,"- ",,,N,-,0,1,B,,-,L,04,,H,,-,-,2018
8641656,2,1,N,F,54,A,-,N,M,G,Y,-,3,-,-,"- ",,,N,-,0,0,B,2016,HONDA,A,01,,B,,-,-,2018
8641722,1,4,N,M,37,G,G,S,-,-,O,-,3,-,-,"- ",,,N,-,0,1,B,,-,L,04,,H,,-,-,2018
8641730,1,4,N,M,38,A,-,W,-,-,O,-,3,-,-,"- ",,,N,-,0,1,B,,-,L,04,,B,,-,-,2018
8642561,1,1,Y,M,48,A,-,W,M,G,Y,-,-,-,-,"- ",,,N,-,0,0,B,2017,FORD,A,01,,O,,-,-,2018
8642561,2,4,N,F,39,A,-,N,-,-,O,-,-,-,-,"- ",,,N,-,0,1,B,,-,L,04,,W,,-,-,2018
8643788,1,4,Y,M,59,D,-,E,-,-,O,-,3,-,-,"- ",,,N,-,0,1,B,,-,L,04,,W,,-,-,2018
8643808,1,4,Y,M,46,A,-,W,-,-,O,-,3,-,-,"- ",,,N,-,0,1,Q,,-,L,04,,W,,-,-,2018
8643808,2,1,N,M,45,A,-,N,M,G,Y,-,3,-,-,"- ",,,N,-,0,0,B,2017,TOYOTA,A,01,,O,,-,-,2018
8643830,1,4,Y,M,26,A,-,E,-,-,O,-,3,-,-,"- ",,,N,-,0,1,B,,-,L,04,,W,,-,-,2018
8646451,1,4,N,M,63,A,-,N,-,-,O,-,3,-,-,"- ",,,N,-,0,1,B,,-,L,04,,W,,-,-,2018
8647205,1,4,Y,M,20,A,-,N,-,-,O,-,-,-,-,"- ",,,-,-,0,1,B,,-,L,04,,W,,-,-,2018
8647205,2,1,N,M,17,A,-,W,M,G,Y,-,-,-,-,"- ",,,-,-,0,0,E,2008,LEXUS,A,01,,W,,-,-,2018
8647554,1,4,Y,-,230,G,G,W,-,-,O,-,-,-,-,"- ",,,-,-,0,0,B,,-,L,04,,,,-,-,2018
8647554,2,1,N,M,57,A,-,E,M,G,Y,-,3,-,-,"- ",,,-,-,0,1,B,2009,TOYOTA,-,,,W,,-,-,2018
8648857,1,1,Y,M,37,A,-,E,M,G,Y,-,3,-,-,"- ",,,F,-,0,0,D,2013,HYUNDAI,-,,,W,-,-,-,2018
8648857,2,4,N,M,25,A,-,E,-,-,O,-,3,-,-,"- ",,,-,-,0,1,B,,-,L,04,,H,,-,-,2018
8649264,1,1,Y,M,44,A,-,E,M,G,Y,-,-,-,-,"- ",,,F,-,0,0,E,2018,GMC,-,,,W,-,-,-,2018
8649264,2,4,N,F,45,A,-,W,-,-,O,-,-,-,-,"- ",,,N,-,0,1,B,,-,L,04,,W,,-,-,2018
8649761,1,4,N,M,36,A,-,E,-,-,O,-,3,-,-,"- ",,,N,-,0,1,B,,-,L,04,,W,,-,-,2018
8649761,2,1,N,F,35,A,-,E,M,G,Y,-,3,-,-,"- ",,,N,-,0,0,A,2007,TOYOTA,A,01,,W,,-,-,2018
8650735,1,1,Y,M,27,H,H,E,P,-,Y,-,-,-,-,"- ",,,N,-,0,1,B,2014,HONDA,-,,,W,,-,-,2018
8650735,2,4,N,M,29,H,H,N,-,-,O,-,-,-,-,"- ",,,N,-,0,1,L,,-,L,04,,,,-,-,2018
8650824,1,4,Y,F,46,A,-,W,-,-,O,-,-,-,-,"- ",,,M,-,0,1,Q,,-,L,04,,B,,-,-,2018
8651834,1,4,N,M,31,A,-,W,-,-,O,-,-,-,-,"- ",,,N,-,0,1,B,,-,L,04,,O,,-,-,2018
8653454,1,4,Y,M,98,G,G,W,-,-,O,-,-,-,-,"- ",,,N,-,0,1,B,,-,L,"4 ",,W,,-,-,2016
8653494,1,1,N,F,32,G,G,-,M,B,N,-,-,-,-,"- ",,,N,-,0,0,R,2004,"OTHER - AUTO",A,01,,,,-,-,2018
8653494,2,4,N,-,230,A,-,-,-,-,O,-,-,-,-,"- ",,,N,-,0,1,B,,-,L,04,,,,-,-,2018
8653502,1,4,Y,M,21,A,-,E,-,-,O,-,-,-,-,"- ",,,N,-,0,1,B,,-,L,04,,W,,-,-,2018
8653514,1,1,Y,M,34,A,-,S,E,M,Y,-,3,-,,31,22107,,A,F,0,0,D,2011,INFINITI,-,,,W,-,-,-,2018
8653514,2,4,N,M,62,A,-,S,-,-,O,-,3,-,-,"- ",,,-,-,0,1,B,,-,L,04,,W,,-,-,2018
8654459,1,4,Y,M,38,A,-,E,-,-,O,-,3,-,-,"- ",,,N,-,0,1,B,,-,L,04,,W,,-,-,2018
8654459,2,1,N,M,33,A,-,S,M,G,Y,-,3,-,-,"- ",,,N,-,0,0,D,2007,VOLKSWAGEN,A,01,,W,,-,-,2018
8654463,1,4,Y,M,20,H,H,W,-,-,O,-,-,-,-,"- ",,,N,-,0,1,Q,,-,L,04,,H,,-,-,2018
8654463,2,1,N,M,40,H,H,S,M,G,Y,-,-,-,-,"- ",,,N,-,0,0,B,2005,TOYOTA,-,,,W,,-,-,2018
8654467,1,4,Y,M,25,A,-,E,-,-,O,-,3,-,-,"- ",,,F,-,0,1,B,,-,L,04,,W,K,-,-,2018
8654467,2,1,N,M,45,A,-,E,M,G,Y,-,3,-,-,"- ",,,-,-,0,0,B,2010,GMC,A,07,,W,,-,-,2018
8655293,1,4,Y,F,92,A,-,E,-,-,O,-,3,-,-,"- ",,,N,-,0,1,B,,-,L,04,,O,,-,-,2018
8655293,2,1,N,M,28,A,-,S,M,G,Y,-,3,-,-,"- ",,,N,-,0,0,D,2016,LINCOLN,A,01,,O,,-,-,2018
8655317,1,1,Y,M,65,A,-,N,M,G,Y,-,3,-,-,"- ",,,N,-,0,0,D,2001,TOYOTA,A,01,,W,,-,-,2018
8655317,2,4,N,M,20,A,-,E,-,-,O,-,3,-,-,"- ",,,N,-,0,1,R,,-,L,04,,H,,-,-,2018
8658200,1,1,Y,-,230,G,G,W,-,-,,-,-,-,-,"- ",,,-,-,0,0,D,,-,-,,,,,-,-,2018
8658200,2,4,N,M,31,A,-,E,-,-,O,-,-,-,-,"- ",,,-,-,0,1,A,,-,L,04,,O,,-,-,2018