CASE_ID,PARTY_NUMBER,PARTY_TYPE,AT_FAULT,PARTY_SEX,PARTY_AGE,PARTY_SOBRIETY,PARTY_DRUG_PHYSICAL,DIR_OF_TRAVEL,PARTY_SAFETY_EQUIP_1,PARTY_SAFETY_EQUIP_2,FINAN_RESPONS,SP_INFO_1,SP_INFO_2,SP_INFO_3,OAF_VIOLATION_CODE,OAF_VIOL_CAT,OAF_VIOL_SECTION,OAF_VIOLATION_SUFFIX,OAF_1,OAF_2,PARTY_NUMBER_KILLED,PARTY_NUMBER_INJURED,MOVE_PRE_ACC,VEHICLE_YEAR,VEHICLE_MAKE,STWD_VEHICLE_TYPE,CHP_VEH_TYPE_TOWING,CHP_VEH_TYPE_TOWED,RACE,INATTENTION,SPECIAL_INFO_F,SPECIAL_INFO_G,ACCIDENT_YEAR
8722793,2,1,N,M,52,C,-,N,M,G,,-,3,-,-,"- ",,,N,-,0,0,B,2009,MASERATI,A,01,,W,,-,-,2018
8722797,1,4,Y,M,60,A,-,N,-,-,O,-,3,-,-,"- ",,,N,-,0,1,B,,-,L,04,,W,,-,-,2018
8726446,1,1,Y,F,63,A,-,E,M,G,Y,-,3,-,-,"- ",,,F,-,0,0,E,2002,TOYOTA,A,07,,O,-,-,-,2018
8726446,2,4,N,-,30,A,-,S,-,-,O,-,3,-,-,"- ",,,N,-,0,1,B,,-,L,04,,W,,-,-,2018
8726678,1,4,N,M,61,G,G,W,-,-,O,-,3,-,-,"- ",,,N,-,0,1,B,,-,L,04,,H,,-,-,2018
8726678,2,1,N,F,43,G,G,-,M,G,Y,-,3,-,-,"- ",,,N,-,0,0,G,2017,FORD,A,01,,B,,-,-,2018
8726690,1,4,Y,M,67,A,-,E,-,-,O,-,-,-,-,"- ",,,F,-,0,1,B,,-,L,04,,W,-,-,-,2018
8727392,1,4,Y,M,58,G,G,S,-,-,O,-,-,-,-,"- ",,,N,-,0,1,B,,-,L,04,,W,,-,-,2018
8727392,2,1,N,F,36,A,-,-,M,G,Y,-,-,-,-,"- ",,,N,-,0,0,E,2018,CHEVROLET,A,01,,W,,-,-,2018
8731877,1,4,Y,F,73,A,-,S,-,-,O,-,3,-,-,"- ",,,N,-,0,1,B,,-,L,04,,W,,-,-,2018
8731942,1,4,Y,-,230,A,-,W,-,-,O,-,3,-,-,"- ",,,N,-,0,1,M,,-,L,04,,,,-,-,2018
8731942,2,1,N,F,56,A,-,W,L,G,Y,-,3,-,-,"- ",,,N,-,0,0,B,2012,FORD,-,,,W,,-,-,2018
8732156,1,1,Y,M,27,A,-,W,P,-,Y,-,3,-,-,"- ",,,N,-,0,0,B,1985,HONDA,C,02,,W,,-,-,2018
8732156,2,4,N,M,67,A,-,E,-,-,O,-,3,-,-,"- ",,,N,-,0,2,B,,-,L,04,,W,,-,-,2018
8732355,1,1,Y,M,66,A,-,W,M,G,Y,-,3,-,,31,22107,,A,-,0,0,H,2003,SAAB,A,01,,H,,-,-,2018
8732355,2,4,N,M,44,A,-,W,-,-,O,-,3,-,-,"- ",,,N,-,0,1,B,,-,L,04,,H,,-,-,2018
8732537,1,4,Y,M,66,A,-,W,-,-,O,-,3,-,-,"- ",,,N,-,0,1,B,,-,L,04,,W,,-,-,2018
8732779,1,1,Y,F,52,A,-,N,M,G,Y,-,3,-,-,"- ",,,-,-,0,0,D,2014,HONDA,-,,,,,-,-,2018
8732779,2,4,N,M,54,A,-,N,-,-,O,-,3,-,-,"- ",,,-,-,0,1,B,,-,L,04,,W,,-,-,2018
8732787,1,1,Y,-,230,G,G,-,-,-,,-,-,-,-,"- ",,,N,-,0,0,L,,-,-,,,,,-,-,2018
8732787,2,4,N,F,49,G,G,W,-,-,O,-,3,-,-,"- ",,,N,-,0,1,B,,-,L,04,,W,,-,-,2018
8732807,1,1,Y,-,230,G,G,W,-,-,,-,-,-,,25,22350,,A,-,0,0,B,,-,-,,,,,-,-,2018
8732807,2,4,N,M,22,A,-,W,-,-,O,-,-,-,,39,21201,D,A,-,0,1,B,,-,L,04,,H,,-,-,2018
8732843,1,1,Y,F,40,A,-,W,M,G,Y,-,3,-,-,"- ",,,N,-,0,1,L,2007,ACURA,A,01,,W,,-,-,2018
8732843,2,4,N,M,61,A,-,N,-,-,O,-,3,-,-,"- ",,,N,-,0,1,B,,-,L,04,,W,,-,-,2018
8732847,1,1,Y,M,22,A,-,W,M,G,Y,-,3,-,-,"- ",,,N,-,0,0,D,2013,TOYOTA,-,,,H,,-,-,2018
8732847,2,4,N,M,55,A,-,S,-,-,O,-,3,-,-,"- ",,,N,-,0,1,R,,-,L,04,,H,,-,-,2018
8732863,1,4,Y,M,34,H,H,N,-,-,O,-,3,-,-,"- ",,,N,-,0,1,B,,-,L,04,,H,,-,-,2018
8732863,2,1,N,M,49,H,H,N,M,G,Y,-,3,-,-,"- ",,,N,-,0,0,F,2013,TOYOTA,-,,,H,,-,-,2018
8733127,1,4,N,F,41,D,-,E,-,-,O,-,-,-,,27,21651,A,A,F,0,1,E,,-,L,04,,W,-,-,-,2018
8733778,1,4,Y,M,21,A,-,N,-,-,O,-,3,-,-,"- ",,,F,-,0,1,B,,-,L,04,,A,-,-,-,2018
8733778,2,1,N,M,61,A,-,N,M,-,Y,-,3,-,-,"- ",,,N,-,0,0,A,2006,HYUNDAI,A,01,,H,,-,-,2018
8733813,1,1,Y,F,58,A,-,E,M,G,Y,-,3,-,-,"- ",,,N,-,0,0,O,2007,BMW,A,01,,W,,-,-,2018
8733813,2,4,N,M,33,A,-,E,-,-,O,-,3,-,-,"- ",,,N,-,0,1,B,,-,L,04,,W,,-,-,2018
8734498,1,1,Y,M,84,A,-,N,M,B,Y,-,-,-,-,"- ",,,F,-,0,0,E,2002,CHEVROLET,A,01,,B,-,-,-,2018
8734498,2,4,N,M,55,A,-,S,-,-,O,-,-,-,-,"- ",,,N,-,0,1,B,,-,L,04,,H,,-,-,2018
8734522,1,1,Y,M,31,A,-,W,M,G,Y,-,3,-,-,"- ",,,N,-,0,0,B,2018,HONDA,-,,,H,,-,-,2018
8734522,2,4,N,M,29,A,-,N,-,-,O,-,3,-,-,"- ",,,N,-,0,1,B,,-,L,04,,W,,-,-,2018
8735380,1,4,Y,F,36,D,-,E,-,-,O,-,-,-,-,"- ",,,N,-,0,1,B,,-,L,04,,H,,-,-,2018
8735400,1,4,Y,M,79,A,-,S,-,-,O,-,3,-,-,"- ",,,N,-,0,1,B,,-,L,04,,W,,-,-,2018
8735471,1,4,Y,M,52,G,G,W,-,-,O,-,3,-,-,"- ",,,N,-,0,1,B,,-,L,04,,W,,-,-,2018
8735471,2,1,N,F,31,C,-,S,M,G,Y,-,3,-,-,"- ",,,N,-,0,0,B,2012,MAZDA,A,01,,W,,-,-,2018
8736239,1,4,Y,F,67,A,-,N,-,-,O,-,3,-,-,"- ",,,N,-,0,1,B,,-,L,04,,W,,-,-,2018
8736331,1,1,N,F,61,H,H,W,M,G,Y,-,-,-,-,"- ",,,G,-,0,0,A,2012,TOYOTA,A,01,,H,,-,-,2018
8736331,2,4,N,M,49,H,H,W,-,-,O,-,-,-,-,"- ",,,N,-,0,1,B,,-,L,04,,W,,-,-,2018
8738374,1,1,Y,F,67,H,H,E,M,G,Y,-,-,-,-,"- ",,,-,-,0,0,A,2001,FORD,-,,,W,,-,-,2018
8738374,2,4,N,M,61,H,H,N,-,-,O,-,-,-,-,"- ",,,-,-,0,1,B,,-,L,04,,W,,-,-,2018
8741137,1,4,Y,F,42,A,-,E,-,-,O,-,3,-,-,"- ",,,N,-,0,1,B,,-,L,04,,W,,-,-,2018
8741137,2,3,N,-,230,H,H,E,-,-,O,-,-,-,-,"- ",,,-,-,0,0,O,2010,TOYOTA,-,,,,,-,-,2018
8741149,1,4,Y,M,53,B,-,N,-,-,O,-,3,-,-,"- ",,,F,H,0,1,Q,,-,L,04,,W,-,-,-,2018
8741149,2,1,N,M,29,A,-,S,M,G,Y,-,3,-,-,"- ",,,N,-,0,0,B,2015,MAZDA,A,01,,A,,-,-,2018
8741157,1,4,Y,M,44,A,-,W,-,-,O,-,-,-,-,"- ",,,N,-,0,1,L,,-,L,04,,W,,-,-,2018
8741157,2,1,N,M,54,A,-,S,M,G,Y,-,-,-,-,"- ",,,N,-,0,0,B,2003,TOYOTA,A,01,,W,,-,-,2018
8741955,1,1,Y,M,74,A,-,E,M,G,Y,-,-,-,-,"- ",,,N,-,0,0,E,2011,FORD,D,22,,W,,-,-,2018
8741955,2,4,N,M,42,A,-,W,-,-,O,-,-,-,-,"- ",,,N,-,0,1,B,,-,L,04,,W,,-,-,2018
8741959,1,4,Y,M,31,A,-,W,-,-,O,-,-,-,-,"- ",,,-,-,0,1,B,,-,L,04,,B,,-,-,2018
8741967,1,5,N,-,230,A,-,N,-,-,O,-,3,-,-,"- ",,,N,-,0,0,H,2005,TOYOTA,A,01,,,,-,-,2018
8741967,2,4,N,M,24,A,-,N,-,-,O,-,3,-,-,"- ",,,N,-,0,1,B,,-,L,04,,W,,-,-,2018
8741967,3,4,N,M,26,A,-,N,-,-,O,-,3,-,-,"- ",,,N,-,0,1,B,,-,L,04,,O,,-,-,2018
8741971,1,4,Y,M,51,A,-,S,-,-,O,-,3,-,-,"- ",,,N,-,0,1,B,,-,L,04,,W,,-,-,2018
8741971,2,1,N,-,230,G,G,S,-,-,,-,-,-,-,"- ",,,-,-,0,0,B,,-,-,,,,,-,-,2018
8741995,1,4,Y,F,18,A,-,S,-,-,O,-,3,-,-,"- ",,,N,-,0,1,B,,-,L,04,,,,-,-,2018
8743552,1,1,Y,M,49,A,-,S,M,G,Y,-,3,-,-,"- ",,,N,-,0,0,D,2014,FORD,J,48,,W,,-,-,2018
8743552,2,4,N,M,58,G,G,W,-,-,O,-,3,-,,39,21201,D,A,-,0,1,B,,-,L,04,,H,,-,-,2018
8744064,1,4,Y,F,31,A,-,S,-,-,O,-,-,-,,39,21201,D,A,-,0,1,B,,-,L,04,,O,,-,-,2018
8744064,2,1,N,F,33,A,-,E,M,G,Y,-,-,-,-,"- ",,,-,-,0,0,B,2017,HONDA,A,01,,W,,-,-,2018
8744907,1,4,Y,F,52,A,-,E,-,-,O,-,-,-,-,"- ",,,N,-,0,1,B,,-,L,04,,W,,-,-,2018
8744907,2,1,N,M,16,A,-,W,M,G,Y,-,-,-,-,"- ",,,N,-,0,0,E,2008,TOYOTA,A,01,,W,,-,-,2018
8745057,1,1,Y,F,19,A,-,S,M,G,Y,-,3,-,-,"- ",,,N,-,0,0,D,2004,TOYOTA,A,01,,A,,-,-,2018
8745057,2,4,N,M,19,A,-,-,-,-,O,-,3,-,-,"- ",,,N,-,0,1,B,,-,L,04,,H,,-,-,2018
8746170,1,1,N,M,23,A,-,S,M,G,Y,-,-,-,-,"- ",,,N,-,0,0,E,2003,AUDI,-,,,W,,-,-,2018
8746170,2,4,N,M,21,A,-,S,-,-,O,-,-,-,-,"- ",,,N,-,0,1,R,,-,L,04,,B,,-,-,2018
8747329,1,4,Y,M,48,A,-,S,-,-,O,-,3,-,-,"- ",,,N,-,0,1,B,,-,L,04,,W,,-,-,2018
8747329,2,2,N,M,13,A,-,N,-,-,O,-,3,-,-,"- ",,,N,-,0,1,B,,-,N,60,,H,,-,-,2018
8747928,1,4,Y,M,11,A,-,W,-,-,O,-,3,-,-,"- ",,,N,-,0,1,B,,-,L,04,,H,,-,-,2018
8747928,2,1,N,M,81,A,-,N,M,G,Y,-,3,-,-,"- ",,,N,-,0,0,B,2010,DODGE,A,07,,H,,-,-,2018
8747931,1,1,Y,M,15,A,-,W,P,-,N,-,3,-,,44,21235,G,A,H,0,0,B,2018,"OTHER - MOPED",C,03,,O,,-,-,2018
8747931,2,4,N,M,60,A,-,N,-,-,O,-,3,-,-,"- ",,,N,-,0,1,B,,-,L,04,,W,,-,-,2018
8747936,1,4,Y,M,44,A,-,W,-,-,O,-,3,-,-,"- ",,,N,-,0,1,B,,-,L,04,,B,,-,-,2018
8747936,2,1,N,-,230,G,G,N,-,-,,-,3,-,-,"- ",,,N,-,0,0,B,,-,-,,,,,-,-,2018
8747936,3,1,N,M,83,A,-,S,M,B,,-,3,-,-,"- ",,,N,-,0,0,B,2003,FORD,-,,,W,,-,-,2018
8747940,1,4,Y,M,61,A,-,S,-,-,O,-,3,-,-,"- ",,,F,-,0,1,B,,-,L,04,,W,K,-,-,2018
8747944,1,1,Y,M,32,A,-,W,M,G,Y,-,-,-,-,"- ",,,E,F,0,0,D,2016,ACURA,-,,,O,-,-,-,2018
8747944,2,4,N,M,42,A,-,W,-,-,O,-,-,-,-,"- ",,,N,-,0,1,B,,-,L,04,,W,,-,-,2018
8747956,1,4,Y,M,14,A,-,W,-,-,O,-,3,-,-,"- ",,,N,-,0,1,B,,-,L,04,,W,,-,-,2018
8747964,1,4,Y,F,72,A,-,N,-,-,O,-,-,-,,39,21201,D,A,-,0,1,B,,-,L,04,,O,,-,-,2018
8747964,2,1,N,F,28,A,-,S,M,G,Y,-,-,-,-,"- ",,,-,-,0,0,E,2011,FORD,-,,,B,,-,-,2018
8747991,1,4,Y,M,14,G,G,S,-,-,O,-,3,-,-,"- ",,,-,-,0,0,J,,-,L,04,,W,,-,-,2018
8747991,2,4,N,M,60,A,-,S,-,-,O,-,3,-,-,"- ",,,-,-,0,1,B,,-,L,04,,W,,-,-,2018
8747999,1,1,Y,-,230,G,G,S,-,-,,-,-,-,-,"- ",,,-,-,0,0,D,,-,-,,,,,-,-,2018
8747999,2,4,N,M,55,A,-,E,-,-,O,-,-,-,-,"- ",,,-,-,0,1,B,,-,L,04,,W,,-,-,2018
8748017,1,1,Y,M,50,A,-,E,M,G,Y,-,3,-,-,"- ",,,N,-,0,0,D,2003,FORD,-,,,H,,-,-,2018
8748017,2,4,N,M,49,A,-,N,-,-,O,-,3,-,-,"- ",,,N,-,0,1,B,,-,L,04,,W,,-,-,2018
8748025,1,4,Y,M,26,G,G,W,-,-,O,-,-,-,-,"- ",,,-,-,0,1,B,,-,L,04,,H,,-,-,2018
8748025,2,1,N,F,20,A,-,N,M,G,Y,-,3,-,-,"- ",,,H,-,0,0,B,2006,HONDA,A,01,,,,-,-,2018
8751438,1,1,Y,M,230,G,G,N,-,V,,-,-,-,-,"- ",,,J,-,0,0,B,,-,M,93,,H,,-,-,2018
8751438,2,4,N,M,51,A,-,S,-,-,O,-,-,-,-,"- ",,,J,-,0,1,B,,-,L,04,,W,,-,-,2018
8752091,1,4,N,M,60,A,-,W,-,-,O,-,-,-,-,"- ",,,H,M,0,1,D,,-,L,04,,W,,-,-,2018
8753086,1,1,N,F,66,A,-,S,M,G,Y,-,3,-,-,"- ",,,F,-,0,0,D,2017,AUDI,A,07,,W,-,-,-,2018
8753086,2,4,N,M,43,A,-,S,-,-,O,-,3,-,-,"- ",,,N,-,0,1,B,,-,L,04,,W,,-,-,2018
8753757,1,4,Y,F,16,A,-,S,-,-,O,-,-,-,-,"- ",,,N,-,0,1,-,,-,L,04,,H,,-,-,2018
8753757,2,1,N,M,27,A,-,W,P,C,,-,-,-,-,"- ",,,N,-,0,0,B,2015,DODGE,A,01,,H,,-,-,2018
8754423,1,4,Y,F,17,G,G,W,-,-,O,-,3,-,-,"- ",,,E,-,0,1,B,,-,L,04,,W,,-,-,2018
8754423,2,2,N,F,63,A,-,S,-,-,O,-,3,-,-,"- ",,,N,-,0,1,B,,-,N,60,,W,,-,-,2018
8756546,1,1,N,M,47,A,-,S,M,G,Y,-,-,-,-,"- ",,,N,-,0,0,D,2005,ROVER,-,,,W,,-,-,2018
8756546,2,4,N,M,37,A,-,E,-,-,O,-,-,-,-,"- ",,,N,-,0,1,Q,,-,L,04,,B,,-,-,2018
8759870,1,4,Y,M,37,D,-,S,-,-,O,-,-,-,,40,21201,A,A,-,0,1,B,,-,L,04,,B,,-,-,2018
8759870,2,1,N,M,44,D,-,E,M,C,Y,-,-,-,-,"- ",,,-,-,0,0,B,2009,TOYOTA,A,01,,H,,-,-,2018
8759881,1,4,Y,F,18,A,-,W,-,-,O,-,-,-,-,"- ",,,N,-,0,1,B,,-,L,04,,A,,-,-,2018
8759881,2,1,N,M,65,A,-,N,M,G,Y,-,-,-,-,"- ",,,N,-,0,0,E,2004,TOYOTA,A,01,,W,,-,-,2018
8759886,1,4,Y,M,23,A,-,N,-,-,O,-,3,-,-,"- ",,,N,-,0,1,B,,-,L,04,,H,,-,-,2018
8759886,2,1,N,M,32,A,-,W,M,G,Y,-,3,-,-,"- ",,,N,-,0,0,B,2017,VOLKSWAGEN,-,,,H,,-,-,2018
8759992,1,1,Y,M,35,A,-,-,M,G,Y,-,-,-,-,"- ",,,F,-,0,0,A,2018,TOYOTA,A,01,,W,-,-,-,2018
8759992,2,4,N,M,65,A,-,E,-,-,O,-,-,-,-,"- ",,,A,F,0,1,B,,-,L,04,,W,-,-,-,2018
8759992,3,5,N,-,230,-,,-,-,-,O,-,-,-,-,"- ",,,-,-,0,0,-,,-,-,,,,,-,-,2018
8762298,1,1,Y,F,17,A,-,N,M,G,Y,-,3,-,-,"- ",,,F,-,0,0,D,2012,TOYOTA,-,,,W,-,-,-,2018
8762298,2,4,N,M,33,A,-,W,-,-,O,-,3,-,-,"- ",,,M,-,0,1,B,,-,L,04,,H,,-,-,2018
8764130,1,4,Y,F,16,A,-,E,-,-,O,-,-,-,-,"- ",,,N,-,0,1,B,,-,L,04,,W,,-,-,2018
8764130,2,1,N,M,42,A,-,N,M,G,Y,-,-,-,-,"- ",,,N,-,0,0,B,,CHEVROLET,-,,,W,,-,-,2018
8764484,1,1,Y,M,25,A,-,N,C,G,Y,-,D,-,-,"- ",,,F,-,0,0,E,2012,FIAT,-,,,W,-,-,-,2018
8764484,2,4,N,M,65,A,-,S,V,-,O,-,D,-,-,"- ",,,N,-,0,1,B,,-,-,,,W,,-,-,2018
8764485,1,1,Y,F,22,A,-,S,M,G,Y,-,3,-,-,"- ",,,M,-,0,0,E,2007,TOYOTA,A,01,,W,,-,-,2018
8764485,2,4,N,M,28,A,-,N,-,-,O,-,3,-,-,"- ",,,N,-,0,1,B,,-,L,04,,W,,-,-,2018
8767147,1,4,Y,F,61,A,-,N,-,-,O,-,3,-,-,"- ",,,N,-,0,1,B,,-,L,04,,W,,-,-,2018
8767179,1,4,Y,M,44,-,-,W,-,-,O,-,3,-,-,"- ",,,N,-,0,1,-,,-,L,04,,B,,-,-,2018
8767274,1,3,Y,-,230,A,-,W,-,-,O,-,3,-,-,"- ",,,N,-,0,0,O,2013,HONDA,A,01,,,,-,-,2018
8767274,2,4,N,F,75,A,-,W,-,-,O,-,3,-,-,"- ",,,N,-,0,1,B,,-,L,04,,A,,-,-,2018
8768514,1,4,Y,F,46,A,-,N,-,-,O,-,3,-,,40,21201,A,A,-,0,1,B,,-,L,04,,O,,-,-,2018
8768514,2,3,N,-,230,H,H,N,-,-,O,-,-,-,-,"- ",,,-,-,0,0,O,2017,NISSAN,A,01,,,,-,-,2018
8768522,1,4,Y,F,41,A,-,N,-,-,O,-,-,-,-,"- ",,,N,-,0,1,B,,-,L,04,,W,,-,-,2018
8769234,1,4,Y,M,47,D,-,N,-,-,O,-,-,-,,47,21235,C,A,J,0,1,B,,-,L,04,,W,,-,-,2018
8769246,1,4,Y,M,52,B,-,W,-,-,O,-,3,-,,40,21235,A,A,-,0,1,C,,"OTHER - MOPED",L,04,,W,,-,-,2018
8769665,1,4,Y,M,35,H,H,N,-,-,O,-,-,-,-,"- ",,,-,-,0,1,B,,-,L,04,,B,,-,-,2018
8769673,1,1,Y,M,62,A,-,W,P,W,Y,-,3,-,-,"- ",,,N,-,0,1,B,2012,YAMAHA,C,02,,H,,-,-,2018
8769673,2,4,N,F,36,A,-,S,-,-,O,-,3,-,-,"- ",,,N,-,0,1,Q,,-,L,04,,B,,-,-,2018
8769764,1,4,Y,M,45,A,-,S,-,-,O,-,3,-,-,"- ",,,N,-,0,1,B,,-,L,04,,W,,-,-,2018
8769764,2,1,N,F,57,A,-,E,M,G,Y,-,3,-,,53,22106,,A,-,0,0,B,2011,SUBARU,A,07,,W,,-,-,2018
8771261,1,1,Y,M,51,A,-,E,M,H,Y,-,3,-,-,"- ",,,-,-,0,0,O,2015,FORD,D,22,,O,,-,-,2018
8771261,2,4,N,F,29,A,-,E,-,-,O,-,-,-,-,"- ",,,-,-,0,1,B,,-,L,04,,B,,-,-,2018
8771716,1,1,Y,M,55,A,-,S,M,F,Y,-,3,-,-,"- ",,,F,-,0,0,A,2018,FORD,A,01,,W,-,-,-,2018
8771716,2,4,N,F,28,A,-,S,-,-,O,-,3,-,-,"- ",,,-,-,0,1,B,,-,L,04,,H,,-,-,2018
8772142,1,1,N,M,23,G,G,N,M,G,Y,-,3,-,-,"- ",,,N,-,0,0,D,2017,MERCEDES-BENZ,I,11,,A,,-,-,2018
8772142,2,4,N,M,39,A,-,W,-,-,O,-,3,-,-,"- ",,,N,-,0,1,B,,-,L,04,,W,,-,-,2018
8772146,1,1,Y,M,31,A,-,E,M,G,Y,-,3,-,-,"- ",,,N,-,0,0,D,2006,FORD,D,22,,H,,-,-,2018
8772146,2,4,N,M,31,A,-,E,-,-,O,-,3,-,-,"- ",,,N,-,0,1,B,,-,L,04,,H,,-,-,2018
8772507,1,1,Y,-,230,G,G,W,-,-,,-,-,-,-,"- ",,,N,-,0,0,E,2010,LEXUS,A,01,,,,-,-,2018
8772507,2,4,N,M,30,A,-,E,-,-,O,-,-,-,-,"- ",,,N,-,0,1,B,,-,L,04,,A,,-,-,2018
8772511,1,1,Y,-,230,G,G,E,-,-,,-,-,-,-,"- ",,,N,-,0,0,J,,-,-,,,,,-,-,2018
8772511,2,4,N,M,47,A,-,E,-,-,O,-,3,-,-,"- ",,,N,-,0,1,J,,-,L,04,,W,,-,-,2018
8772562,1,1,Y,-,230,G,G,S,-,-,,-,-,-,-,"- ",,,-,-,0,0,B,,-,A,01,,,,-,-,2018
8772562,2,4,N,F,70,A,-,S,-,-,O,-,3,-,-,"- ",,,N,-,0,1,E,,-,L,04,,W,,-,-,2018
8773350,1,4,Y,M,34,A,-,E,-,-,O,-,-,-,-,"- ",,,-,-,0,1,B,,-,L,04,,W,,-,-,2018
8773350,2,1,N,M,78,A,-,N,M,G,Y,-,-,-,-,"- ",,,-,-,0,0,B,2015,TOYOTA,A,01,,W,,-,-,2018
8775875,1,1,Y,-,230,H,H,S,-,-,,-,-,-,-,"- ",,,F,-,0,0,B,,INFINITI,-,,,,-,-,-,2018
8775875,2,4,N,M,19,A,-,E,-,-,O,-,-,-,-,"- ",,,-,-,0,1,B,,-,L,04,,H,,-,-,2018
8778719,1,1,Y,M,50,A,-,W,M,G,Y,-,3,-,-,"- ",,,N,-,0,0,D,2000,CHEVROLET,A,07,,H,,-,-,2018
8778719,2,4,N,M,51,A,-,W,-,-,O,-,3,-,,25,22350,,A,-,0,1,B,,-,L,04,,W,,-,-,2018
8780066,1,1,Y,M,32,A,-,E,M,G,Y,-,3,-,-,"- ",,,N,-,0,0,B,2007,TOYOTA,A,01,,O,,-,-,2018
8780066,2,4,N,M,28,A,-,E,-,-,O,-,3,-,,39,21201,D,A,-,0,1,B,,-,L,04,,W,,-,-,2018
8819895,1,1,Y,F,45,G,G,S,M,G,Y,-,3,-,-,"- ",,,N,-,0,0,D,2012,CADILLAC,A,01,,W,,-,-,2018
8819895,2,4,N,-,230,G,G,S,-,-,O,-,3,-,-,"- ",,,N,-,0,1,B,,-,L,04,,,,-,-,2018
8822573,1,2,N,M,230,G,G,N,-,-,O,-,-,-,-,"- ",,,N,-,0,0,B,,-,N,60,,H,,-,-,2018
8822573,2,4,N,M,35,G,G,N,-,-,O,-,-,-,-,"- ",,,N,-,0,1,B,,-,L,04,,W,,-,-,2018
90027314,1,4,Y,F,53,A,-,W,-,W,O,-,3,-,-,"- ",,,N,-,0,1,B,,GSTRIDE,L,"4 ",,W,,-,-,2015
90124838,1,4,Y,M,28,D,-,S,-,P,O,-,3,-,,44,21461,A,A,N,0,1,M,2010,KENT,L,"4 ",,W,,-,-,2016
90124838,2,1,N,M,52,A,-,S,M,G,Y,-,3,-,-,"- ",,,-,-,0,0,B,1998,FORD,A,"8 ",,H,,-,-,2016
90196205,1,4,Y,M,12,A,-,S,-,W,O,-,3,-,-,"- ",,,N,-,0,1,B,,HUFFY,L,"4 ",,A,,-,-,2016
90196205,2,1,N,F,41,A,-,S,M,G,Y,-,3,-,-,"- ",,,N,-,0,0,A,2007,HONDA,A,"7 ",,W,,-,-,2016
90410428,1,4,Y,M,49,A,-,E,-,W,O,-,3,-,-,"- ",,,N,-,0,1,E,2000,CANNONDA,L,"4 ",,A,,-,-,2017
90410428,2,1,N,F,50,A,-,W,M,G,Y,-,3,-,-,"- ",,,N,-,0,0,B,1999,NISS,D,22,,W,,-,-,2017
90581634,1,4,N,M,65,A,-,W,-,W,O,-,3,-,-,"- ",,,N,-,0,1,B,2017,CANNONDA,L,"4 ",,W,,-,-,2017
90657093,1,4,Y,F,54,A,-,W,-,W,O,-,3,-,-,"- ",,,N,-,0,1,B,2010,FELT,L,04,,W,,-,-,2018
90659718,1,4,Y,M,53,A,-,E,-,V,O,-,3,-,-,"- ",,,N,-,0,1,B,,KONA,L,"4 ",,B,,-,-,2017
90722692,1,4,Y,M,31,B,-,N,-,V,O,-,3,-,,25,22350,,A,N,0,1,B,,BICYCLE,L,04,,W,,-,-,2018
90737174,1,4,Y,M,23,A,-,N,-,W,O,-,3,-,-,"- ",,,N,-,0,1,B,,POLO,L,04,,W,,-,-,2018
90766517,1,4,Y,M,23,A,-,W,-,V,O,-,3,-,-,"- ",,,N,-,0,1,B,,STUMPJMP,L,04,,W,,-,-,2018
90766517,2,1,N,M,54,A,-,W,M,G,Y,-,3,-,-,"- ",,,N,-,0,0,B,2014,MAZD,A,01,,W,,-,-,2018
90797458,1,4,Y,M,53,A,-,S,-,W,O,-,3,-,-,"- ",,,N,-,1,0,J,,SHIMANO,L,04,,W,,-,-,2018
90797458,2,1,N,F,63,A,-,S,M,G,Y,-,3,-,-,"- ",,,N,-,0,0,B,2012,TOYOTA,A,01,,W,,-,-,2018
90811571,1,4,Y,M,66,A,-,S,-,W,O,-,3,-,-,"- ",,,N,-,0,1,B,2016,HOLLAND,L,04,,W,,-,-,2018
90811571,2,1,N,M,38,A,-,S,M,G,Y,-,3,-,-,"- ",,,N,-,0,0,A,2008,FORD,D,22,,H,,-,-,2018
90812379,1,4,Y,M,63,A,-,N,-,V,O,-,3,-,-,"- ",,,N,-,0,1,R,,SPECIALI,L,04,,W,,-,-,2018
90812379,2,1,N,F,69,A,-,N,M,G,Y,-,3,-,-,"- ",,,N,-,0,0,B,2004,BMW,A,01,,W,,-,-,2018
90820890,1,4,Y,M,25,A,-,W,-,X,O,-,3,-,-,"- ",,,N,-,0,1,L,,SCHWINN,L,04,,W,,-,-,2018
90820890,2,1,N,F,33,A,-,W,M,G,Y,-,3,-,-,"- ",,,H,-,0,0,B,2012,TOYT,A,01,,W,,-,-,2018
90899652,1,4,Y,M,27,A,-,S,-,V,O,-,3,-,-,"- ",,,N,-,0,1,J,2018,JUMP,L,04,,W,,-,-,2018
90899652,2,1,N,F,62,A,-,S,M,G,Y,-,3,-,-,"- ",,,N,-,0,0,B,2015,JEEP,A,07,,W,,-,-,2018